fingerprint,ticker,ann_day,bench,director,role_norm,tier,value,market_cap,small_cap,is_aim,sector,cluster_id,first_time_buy,score,band,mult,f_who,f_size,f_cap,f_earn,dtn,dsl,car30,car90,car30_net,car90_net,cost
1b182bbd156d56bb,AAF,2025-09-15,^FTAS,Paul Arkwright,NED,T3,22777,12390000000,0,0,Communication Services,AAF-2025-09-12,0,19.59,Low,1.0,0.3,0.22,0.1,0.1,235.0,,-0.01013,0.52523,-0.02013,0.51523,0.01
4abb3615f560c8f6,AAF,2025-09-26,^FTAS,Cynthia Gordon,NED,T3,19998.36,12390000000,0,0,Communication Services,AAF-2025-09-12,0,19.02,Low,1.0,0.3,0.201,0.1,0.1,224.0,,0.24402,0.29193,0.23402,0.28193,0.01
9ba39be06eb1bc24,AAL,2025-09-30,^FTAS,Nonkululeko Nyembezi,NED,T3,7073.03,41320000000,0,0,Materials,AAL-2025-09-29,0,18.13,Low,1.25,0.3,0.05,0.1,0.1,142.0,,-0.02441,0.13106,-0.03441,0.12106,0.01
60bcb2fec839bcc1,AAL,2025-09-30,^FTAS,Magali Anderson,NED,T3,6963.8,41320000000,0,0,Materials,AAL-2025-09-29,0,18.05,Low,1.25,0.3,0.048,0.1,0.1,142.0,,-0.02441,0.13106,-0.03441,0.12106,0.01
6bd6d29bc90f0a34,AAL,2025-09-30,^FTAS,Stuart Chambers,Chair (executive),T7,17532.38,41320000000,0,0,Materials,AAL-2025-09-29,0,49.31,Moderate,1.25,1.0,0.182,0.1,0.1,142.0,,-0.02441,0.13106,-0.03441,0.12106,0.01
8f555f8499d8663f,AAL,2025-10-02,^FTAS,Duncan Wanblad,CEO,T1a,332.4,41320000000,0,0,Materials,AAL-2025-09-29,0,42.5,Moderate,1.25,1.0,0.0,0.1,0.1,140.0,,0.0001,0.20088,-0.0099,0.19088,0.01
7536ba1c42be1f2d,AAL,2025-11-18,^FTAS,Marcelo Bastos,NED,T3,24690.6,41320000000,0,0,Materials,,0,32.21,Low,1.25,0.3,0.231,0.1,0.424,93.0,,0.07452,0.08867,0.06452,0.07867,0.01
14131d646cc571e6,AAL,2025-12-23,^FTAS,Magali Anderson,NED,T3,7867.86,41320000000,0,0,Materials,AAL-2025-12-22,0,42.54,Moderate,1.5,0.3,0.066,0.1,0.844,58.0,,0.10018,0.22726,0.09018,0.21726,0.01
4eebc17a093d09a3,AAL,2025-12-23,^FTAS,Stuart Chambers,Chair (executive),T7,17551.38,41320000000,0,0,Materials,AAL-2025-12-22,0,79.27,High,1.5,1.0,0.182,0.1,0.844,58.0,,0.10018,0.22726,0.09018,0.21726,0.01
30d53dc1a703c26c,AAL,2025-12-23,^FTAS,Nonkululeko Nyembezi,NED,T3,7089.72,41320000000,0,0,Materials,AAL-2025-12-22,0,41.86,Moderate,1.5,0.3,0.051,0.1,0.844,58.0,,0.10018,0.22726,0.09018,0.21726,0.01
4ebee0b26a635786,AAL,2026-03-10,^FTAS,Anne Wade,NED,T3,16012.5,41320000000,0,0,Materials,AAL-2026-03-09,0,22.68,Low,1.0,0.3,0.168,0.1,0.357,142.0,19.0,0.12855,,0.11855,,0.01
3a1a763830ad1399,AAL,2026-03-27,^FTAS,Stuart Chambers,Chair (executive),T7,18162.1,41320000000,0,0,Materials,AAL-2026-03-09,0,39.6,Low,1.0,1.0,0.187,0.1,0.1,125.0,36.0,0.29096,,0.28096,,0.01
4eef33e3330e28e4,AAL,2026-03-27,^FTAS,Nonkululeko Nyembezi,NED,T3,7234.82,41320000000,0,0,Materials,AAL-2026-03-09,0,14.6,Low,1.0,0.3,0.053,0.1,0.1,125.0,36.0,0.29096,,0.28096,,0.01
507c6f3ed790bede,AAL,2026-03-27,^FTAS,Magali Anderson,NED,T3,8045.36,41320000000,0,0,Materials,AAL-2026-03-09,0,15.07,Low,1.0,0.3,0.069,0.1,0.1,125.0,36.0,0.29096,,0.28096,,0.01
ba8cd31f2eb5bc9f,ABDN,2026-03-06,^FTAS,Katie Bickerstaffe,NED,T3,14922.88,4270000000,0,0,Financials,,0,31.39,Low,1.5,0.3,0.158,0.245,0.1,145.0,,0.00163,,-0.00837,,0.01
a6723cd8a1915983,ABDP,2025-07-09,^FTAS,Mrs Sarah Matthews-Demers,CFO,T1b,15440,251790000,1,0,Consumer Discretionary,,0,73.95,High,1.25,0.9,0.163,0.725,0.628,76.0,13.0,-0.14753,-0.28749,-0.15753,-0.29749,0.01
4510fff057ce9d2a,ABDP,2026-04-27,^FTAS,Andrew Lewis,CFO,T1b,5185,251790000,1,0,Consumer Discretionary,,0,67.37,High,1.5,0.9,0.005,0.725,0.1,198.0,46.0,0.03261,,0.02261,,0.01
6facef1d0e5a4f35,ABF,2026-04-23,^FTAS,Loraine Woodhouse,NED,T3,19896.92,13040000000,0,0,Consumer Staples,,0,8.09,Low,0.25,0.3,0.2,0.1,0.843,69.0,2.0,0.01939,,0.00939,,0.01
8902bb822c5f3ad6,ACRM,2026-02-05,^FTAS,Richard Mayall,PDMR-only,T4,81,2260000,1,0,Technology,,0,39.09,Low,1.0,0.2,0.0,1.0,0.616,77.0,23.0,-0.02816,-0.10181,-0.03816,-0.11181,0.01
238e89cdef99b05f,ACSO,2025-11-10,^FTAS,Long Path Partners,PCA,T5,175500,103330000,1,0,Technology,,0,60.27,High,0.75,1.0,0.515,0.877,0.868,56.0,,-0.01508,-0.29773,-0.02508,-0.30773,0.01
2bdb6f42ce65ee64,ACSO,2026-01-08,^FTAS,Mr Lee Cowie,Other Chief,T2,2490.4,103330000,1,0,Technology,,0,68.68,High,1.25,0.7,0.0,0.877,0.814,21.0,3.0,-0.08297,-0.08526,-0.09297,-0.09526,0.01
ab2ddddc228f2942,AEG,2025-08-28,^FTAS,Paul Elliott,CEO,T1a,5446.98,6290000,1,0,Industrials,AEG-2025-08-12,0,47.9,Moderate,0.75,1.0,0.012,1.0,0.0,,,-0.30364,-0.49946,-0.31364,-0.50946,0.01
0f29512236cad1f1,AEG,2025-08-29,^FTAS,Pankaj Rajani,NED,T3,4985.55,6290000,1,0,Industrials,AEG-2025-08-12,0,37.8,Low,1.0,0.3,0.0,1.0,0.0,,,-0.30974,-0.51791,-0.31974,-0.52791,0.01
c11156ae331f8598,AEG,2025-09-10,^FTAS,Paul Elliott,CEO,T1a,4974.3,6290000,1,0,Industrials,AEG-2025-08-12,0,95.12,Exceptional,1.5,1.0,0.0,1.0,0.0,,,0.1352,-0.05365,0.1252,-0.06365,0.01
12a15440721603b7,AEG,2025-09-10,^FTAS,Pankaj Rajani,NED,T3,5000,6290000,1,0,Industrials,AEG-2025-08-12,0,56.71,Moderate,1.5,0.3,0.0,1.0,0.0,,,0.1352,-0.05365,0.1252,-0.06365,0.01
a6071dda3983a8c3,AEG,2025-10-02,^FTAS,Paul Elliott,CEO,T1a,3975,6290000,1,0,Industrials,AEG-2025-08-12,0,95.12,Exceptional,1.5,1.0,0.0,1.0,0.0,,,-0.19824,-0.14526,-0.20824,-0.15526,0.01
b50fdb8d7b9c038b,AEG,2025-10-02,^FTAS,James Voce,Executive Director,T2,12370.36,6290000,1,0,Industrials,AEG-2025-08-12,0,85.86,Exceptional,1.5,0.7,0.131,1.0,0.0,,,-0.19824,-0.14526,-0.20824,-0.15526,0.01
0a9f8221b49aa0e2,AEO,2025-11-19,^FTAS,Richard Owen,NED,T3,16500,5900000,1,0,Communication Services,,0,51.87,Moderate,1.0,0.3,0.173,1.0,0.871,127.0,1.0,-0.09845,-0.1925,-0.10845,-0.2025,0.01
c308cc627e93ac2c,AEO,2026-04-09,^FTAS,Alan Charlton,NED,T3,11062.41,5900000,1,0,Communication Services,,0,78.67,High,1.5,0.3,0.115,1.0,1.0,39.0,14.0,0.05881,,0.04881,,0.01
3f27cb70d6be1142,AFL,2025-07-22,^FTAS,William Tamworth,Other / unclassified,T4,57936,103290000,1,0,Financials,,0,54.77,Moderate,1.25,0.2,0.355,0.877,0.0,,,-0.06601,-0.09264,-0.07601,-0.10264,0.01
738f01d090699989,AFL,2025-08-29,^FTAS,William Tamworth,Other / unclassified,T4,90726.25,103290000,1,0,Financials,AFL-2025-08-29,0,80.83,Exceptional,1.75,0.2,0.42,0.877,0.0,,,-0.01025,-0.06169,-0.02025,-0.07169,0.01
0fedd89731b0d9ef,AFL,2025-09-03,^FTAS,Mr Mark Niznik,Other / unclassified,T4,18185,103290000,1,0,Financials,AFL-2025-08-29,0,37.68,Low,1.0,0.2,0.187,0.877,0.0,,,-0.00272,-0.063,-0.01272,-0.073,0.01
e4eeb28242de1552,AFL,2025-12-08,^FTAS,Mrs Lindsey Niznik,PCA,T5,594.37,103290000,1,0,Financials,AFL-2025-12-05,0,75.14,High,1.25,1.0,0.0,0.877,0.0,,,-0.00244,-0.15298,-0.01244,-0.16298,0.01
75c2ee8c5885d033,AFL,2025-12-08,^FTAS,William Tamworth,Other / unclassified,T4,5547.42,103290000,1,0,Financials,AFL-2025-12-05,0,39.24,Low,1.25,0.2,0.015,0.877,0.0,,,-0.00244,-0.15298,-0.01244,-0.16298,0.01
7b224539669417a6,AFL,2025-12-08,^FTAS,Mr Mark Niznik,Other / unclassified,T4,12407.43,103290000,1,0,Financials,AFL-2025-12-05,0,44.57,Moderate,1.25,0.2,0.132,0.877,0.0,,,-0.00244,-0.15298,-0.01244,-0.16298,0.01
aa89aed83b84ead5,AFL,2026-01-15,^FTAS,Michael Prentis,Executive Director,T2,18925,103290000,1,0,Financials,AFL-2026-01-14,0,84.27,Exceptional,1.5,0.7,0.193,0.877,0.0,,,-0.07553,-0.07647,-0.08553,-0.08647,0.01
df1160de3fcab18b,AFL,2026-01-19,^FTAS,Mr Graham Douglas Paterson,NED,T3,11886.4,103290000,1,0,Financials,AFL-2026-01-14,0,58.63,Moderate,1.5,0.3,0.125,0.877,0.0,,,-0.0954,-0.07241,-0.1054,-0.08241,0.01
8511efc96018d157,AIEA,2026-04-20,^FTAS,Tanya Ashton,Other / unclassified,T4,4992.96,10990000,1,0,Consumer Discretionary,,0,37.25,Low,1.25,0.2,0.0,1.0,0.1,158.0,25.0,0.26156,,0.25156,,0.01
ea6202ae55253b5c,AJB,2026-03-27,^FTAS,Stephen Vowles,Other Chief,T2,198998.62,2400000000,0,0,Financials,,0,0.0,Low,0.0,0.7,0.533,0.342,0.0,27.0,,0.06598,,0.05598,,0.01
c2498de984fc9e63,ALT,2025-09-05,^FTAS,Martin Varley,NED,T3,24932.7,13900000,1,0,Technology,ALT-2025-09-03,0,0.0,Low,0.0,0.3,0.233,1.0,0.736,67.0,29.0,0.1439,-0.16453,0.1339,-0.17453,0.01
1b92750b1f1be1e8,ALT,2025-09-08,^FTAS,Martin Varley,NED,T3,4600,13900000,1,0,Technology,ALT-2025-09-03,0,11.22,Low,0.25,0.3,0.0,1.0,0.772,64.0,32.0,0.14064,-0.17397,0.13064,-0.18397,0.01
6dbcdf3954082dfa,ALT,2025-09-10,^FTAS,Martin Varley,NED,T3,19805,13900000,1,0,Technology,ALT-2025-09-03,0,12.83,Low,0.25,0.3,0.199,1.0,0.796,62.0,34.0,0.03104,-0.20543,0.02104,-0.21543,0.01
ee710e71f88b6ca4,ALT,2025-09-11,^FTAS,Alexander Brennan,Chair (executive),T7,14999.99,13900000,1,0,Technology,ALT-2025-09-03,0,17.83,Low,0.25,1.0,0.159,1.0,0.808,61.0,35.0,-0.08589,-0.28922,-0.09589,-0.29922,0.01
7e596215141ae08a,ALT,2025-09-12,^FTAS,Martin Varley,NED,T3,839.19,13900000,1,0,Technology,ALT-2025-09-03,0,11.44,Low,0.25,0.3,0.0,1.0,0.82,60.0,36.0,-0.11344,-0.23725,-0.12344,-0.24725,0.01
22561e53553a0270,ALT,2025-12-01,^FTAS,Martin Varley,NED,T3,686.31,13900000,1,0,Technology,ALT-2025-11-28,0,45.14,Moderate,1.0,0.3,0.0,1.0,0.786,120.0,4.0,-0.14429,0.00759,-0.15429,-0.00241,0.01
a951ee666e6fb794,ALT,2026-01-19,^FTAS,Alexander Brennan,Chair (executive),T7,4971.75,13900000,1,0,Technology,,0,48.29,Moderate,0.75,1.0,0.0,1.0,0.688,71.0,53.0,-0.00103,-0.15965,-0.01103,-0.16965,0.01
cf894bfc1a5ecf87,ALT,2026-03-05,^FTAS,Alexander Brennan,Chair (executive),T7,12113.2,13900000,1,0,Technology,,0,100.0,Exceptional,1.75,1.0,0.128,1.0,0.1,26.0,98.0,0.07126,,0.06126,,0.01
d87def33cb89c782,AMG,2026-03-18,^FTAS,Christopher Latilla-Campbell,NED,T3,10462.5,3830000,1,0,Materials,AMG-2026-03-17,0,52.21,Moderate,1.0,0.3,0.107,1.0,1.0,43.0,169.0,0.09598,,0.08598,,0.01
58c0d87e911975db,AMG,2026-03-19,^FTAS,Christian Schaffalitzky de Muckadell,NED,T3,10695,3830000,1,0,Materials,AMG-2026-03-17,0,52.3,Moderate,1.0,0.3,0.11,1.0,1.0,42.0,170.0,0.15394,,0.14394,,0.01
4bdad34d3fa0f958,AMGO,2026-01-06,^FTAS,Nicholas Beal,CEO,T1a,18333.35,29750000,1,0,Financials,,0,44.58,Moderate,0.75,1.0,0.188,1.0,0.1,342.0,,1.9212,3.14269,1.9112,3.13269,0.01
78da5b7df5ba71de,AMGO,2026-01-28,^FTAS,Nicholas Beal,CEO,T1a,13750.02,29750000,1,0,Financials,,0,100.0,Exceptional,1.75,1.0,0.146,1.0,0.1,320.0,,0.09904,0.09611,0.08904,0.08611,0.01
c8e3dbb75cc1c4b5,AMGO,2026-04-14,^FTAS,Nicholas Beal,CEO,T1a,4583.33,29750000,1,0,Financials,,0,26.9,Low,0.5,1.0,0.0,1.0,0.1,244.0,,-0.01251,,-0.02251,,0.01
2ab18f0a0a006c2b,ANCR,2025-11-19,^FTAS,Dr Douglas Hutchens,NED,T3,620.01,228890000,1,0,Health Care,,0,27.12,Low,1.0,0.3,0.0,0.742,0.1,309.0,,-0.09683,-0.14746,-0.10683,-0.15746,0.01
245ad32d6a13335b,AOTI,2025-07-31,^FTAS,Jayesh Pankhania,CFO,T1b,155000,61540000,1,0,Health Care,,0,79.41,High,1.0,0.9,0.497,0.965,0.904,53.0,94.0,-0.09927,-0.46911,-0.10927,-0.47911,0.01
21709d5874c14c09,ARBB,2026-03-26,^FTAS,Sir Henry Angest,CEO,T1a,2580000,137090000,1,0,Financials,,0,0.0,Low,0.0,1.0,0.904,0.829,0.892,54.0,35.0,-0.06339,,-0.07339,,0.01
d10fbe4804b67970,ARC,2026-02-05,^FTSC,Matthew Jeffs,CEO,T1a,15292,10100000,1,1,Technology,ARC-2026-02-05,0,58.65,Moderate,1.0,1.0,0.162,1.0,0.1,182.0,148.0,0.0631,0.00325,0.0581,-0.00175,0.005
36555040a18d7e1b,ARC,2026-02-06,^FTSC,Ben Hodges,CFO,T1b,4999.62,10100000,1,1,Technology,ARC-2026-02-05,0,64.69,High,1.0,0.9,0.0,1.0,0.871,181.0,1.0,0.04788,-0.02204,0.04288,-0.02704,0.005
019ad31ceb404596,ARS,2025-11-14,^FTAS,Eva Armila Djauhari,NED,T3,118666.72,48360000,1,0,Materials,,0,58.19,Moderate,1.25,0.3,0.458,1.0,0.1,256.0,77.0,0.03848,-0.09985,0.02848,-0.10985,0.01
8fd0239d8a3966ea,ART,2025-11-26,^FTAS,Gavin Hewitt,NED,T3,5999.98,21600000,1,0,Consumer Staples,,0,70.8,High,1.5,0.3,0.026,1.0,0.856,57.0,77.0,-0.03171,-0.11713,-0.04171,-0.12713,0.01
8d3865ccbe672948,ASAI,2025-08-11,^FTAS,John Khabbaz,NED,T3,373441.92,191700000,1,0,Financials,,0,62.71,High,1.0,0.3,0.624,0.772,1.0,44.0,,0.35994,0.58632,0.34994,0.57632,0.01
eea7956321a81c45,ASAI,2025-10-27,^FTAS,Rob Keijsers,CEO,T1a,11916,191700000,1,0,Financials,ASAI-2025-10-23,0,100.0,Exceptional,1.75,1.0,0.126,0.772,1.0,38.0,33.0,0.13163,0.21297,0.12163,0.20297,0.01
0fef7e81b73b4508,ASAI,2025-11-05,^FTAS,Rob Keijsers,CEO,T1a,181950.5,191700000,1,0,Financials,ASAI-2025-10-23,0,64.39,High,1.0,1.0,0.52,0.772,0.1,29.0,42.0,0.11089,0.08486,0.10089,0.07486,0.01
7dfeeab41cb3a1a6,ASAI,2025-11-10,^FTAS,Hanny Kemna,NED,T3,119800,191700000,1,0,Financials,ASAI-2025-10-23,0,20.79,Low,0.5,0.3,0.46,0.772,0.1,24.0,47.0,0.0991,0.04657,0.0891,0.03657,0.01
6801102783fc07e9,ASAI,2026-01-30,^FTAS,Rob Keijsers,CEO,T1a,8610,191700000,1,0,Financials,ASAI-2026-01-29,0,89.49,Exceptional,1.75,1.0,0.079,0.772,0.1,181.0,57.0,-0.09238,-0.12993,-0.10238,-0.13993,0.01
7b35f51c3aa07919,ASAI,2026-02-06,^FTAS,Steven van Zuylen,Other Chief,T2,4140,191700000,1,0,Financials,ASAI-2026-01-29,0,59.67,Moderate,1.5,0.7,0.0,0.772,0.1,174.0,64.0,-0.09901,0.00219,-0.10901,-0.00781,0.01
63777b594a262d93,ASAI,2026-02-24,^FTAS,Geert Embrechts,CFO,T1b,11660,191700000,1,0,Financials,ASAI-2026-01-29,0,74.18,High,1.5,0.9,0.123,0.772,0.1,156.0,82.0,-0.11837,,-0.12837,,0.01
21e54056fd963fb5,ASHM,2025-12-09,^FTAS,Clive Adamson,NED,T3,315.02,1310000000,0,0,Financials,,0,55.19,Moderate,1.5,0.3,0.0,0.445,1.0,37.0,56.0,0.38962,0.24364,0.37962,0.23364,0.01
27c9a164b0750a74,ASHM,2026-04-01,^FTAS,Clive Adamson,NED,T3,136.04,1310000000,0,0,Financials,,0,0.0,Low,0.0,0.3,0.0,0.445,0.1,15.0,48.0,-0.0385,,-0.0485,,0.01
b34b7ef7f19e3d2a,ATN,2026-01-07,^FTAS,Charles Bray,PDMR-only,T4,25795,4510000,1,0,Materials,,0,62.87,High,1.25,0.2,0.238,1.0,0.843,90.0,2.0,0.02679,0.08755,0.01679,0.07755,0.01
8802ab2be24c1387,ATOM,2026-04-30,^FTAS,Peter Levine,Chair (executive),T7,2851851.6,52770000,1,0,Utilities,ATOM-2026-04-30,0,100.0,Exceptional,1.25,1.0,0.919,0.991,0.628,76.0,244.0,-0.33075,,-0.34075,,0.01
00ce657e0fe39510,ATOM,2026-05-01,^FTAS,Robert Sheffrin,CFO,T1b,19888.2,52770000,1,0,Utilities,ATOM-2026-04-30,0,99.47,Exceptional,1.5,0.9,0.2,0.991,0.64,75.0,245.0,-0.38618,,-0.39618,,0.01
2cd596488ec57fdf,AURR,2025-10-02,^FTAS,Ian Grubb,CFO,T1b,2000.1,64790000,1,0,Consumer Discretionary,,0,100.0,Exceptional,1.75,0.9,0.0,0.956,0.814,130.0,3.0,0.21502,0.95121,0.20502,0.94121,0.01
3a9592dccb6c17bc,AUTO,2026-05-21,^FTAS,Jasvinder Gakhal,NED,T3,24870.81,3780000000,0,0,Communication Services,AUTO-2026-05-21,0,41.3,Moderate,1.75,0.3,0.232,0.265,0.1,168.0,37.0,,,,,0.01
40e828af6183b81d,AUTO,2026-05-21,^FTAS,Megan Quinn,NED,T3,50358,3780000000,0,0,Communication Services,AUTO-2026-05-21,0,46.67,Moderate,1.75,0.3,0.334,0.265,0.1,168.0,37.0,,,,,0.01
7adcdce9b6efb69f,AUTO,2026-05-21,^FTAS,Nathan Coe,CEO,T1a,49244.8,3780000000,0,0,Communication Services,AUTO-2026-05-21,0,83.25,Exceptional,1.75,1.0,0.331,0.265,0.1,168.0,37.0,,,,,0.01
414a10a14ac60cc1,AUTO,2026-05-21,^FTAS,Geeta Gopalan,NED,T3,24997.98,3780000000,0,0,Communication Services,AUTO-2026-05-21,0,41.34,Moderate,1.75,0.3,0.233,0.265,0.1,168.0,37.0,,,,,0.01
185b9af64dee2c2f,AUTO,2026-05-21,^FTAS,Adam Jay,NED,T3,49734.33,3780000000,0,0,Communication Services,AUTO-2026-05-21,0,46.57,Moderate,1.75,0.3,0.333,0.265,0.1,168.0,37.0,,,,,0.01
eec058f2a1ba1116,AUTO,2026-05-26,^FTAS,Matthew Siegler,Other / unclassified,T4,50358,3780000000,0,0,Communication Services,AUTO-2026-05-21,0,70.99,High,2.0,0.2,0.334,0.265,0.757,163.0,5.0,,,,,0.01
780d7436ded7150f,AUTO,2026-05-26,^FTAS,Megan Siegler (known As Megan Quinn),NED,T3,50358,3780000000,0,0,Communication Services,AUTO-2026-05-21,0,76.99,High,2.0,0.3,0.334,0.265,0.757,163.0,5.0,,,,,0.01
236bc8a8c3628caa,AUTO,2026-05-26,^FTAS,Jamie Warner,NED,T3,19997.2,3780000000,0,0,Communication Services,AUTO-2026-05-21,0,68.97,High,2.0,0.3,0.201,0.265,0.757,163.0,5.0,,,,,0.01
9ce1dd7d4393e775,AVAP,2025-07-04,^FTAS,Mark Stephen Shelton,Executive Director,T2,1976.5,79990000,1,0,Industrials,,0,75.33,High,1.75,0.7,0.0,0.92,0.1,230.0,,-0.02258,-0.18005,-0.03258,-0.19005,0.01
c3ed8c1d9689985a,AVON,2026-02-13,^FTAS,Steve Elwell,Divisional / Regional Exec,T2,24846.38,488900000,1,0,Health Care,,0,50.44,Moderate,1.0,0.7,0.232,0.613,0.5,89.0,14.0,0.00572,0.02279,-0.00428,0.01279,0.01
77f3c707accfca4e,BA,2025-12-05,^FTAS,Bradley Greve,CFO,T1b,28402.67,28000000000,0,0,Industrials,BA-2025-12-03,0,77.09,High,2.0,0.9,0.251,0.1,0.1,237.0,,0.18422,0.25104,0.17422,0.24104,0.01
5928d6da1aa631df,BA,2026-03-24,^FTAS,Julian Cracknell,Other Chief,T2,92555.56,28000000000,0,0,Industrials,BA-2026-03-19,0,65.93,High,1.75,0.7,0.422,0.1,0.1,128.0,,-0.12323,,-0.13323,,0.01
94f56b8f694279b8,BA,2026-03-24,^FTAS,Edward Gelsthorpe,Company Secretary / General Counsel,T6,92555.56,28000000000,0,0,Industrials,BA-2026-03-19,0,55.43,Moderate,1.75,0.5,0.422,0.1,0.1,128.0,,-0.12323,,-0.13323,,0.01
89a591986acfc11b,BA,2026-03-24,^FTAS,Simon Barnes,Executive Director,T2,95526.37,28000000000,0,0,Industrials,BA-2026-03-19,0,66.17,High,1.75,0.7,0.427,0.1,0.1,128.0,,-0.12323,,-0.13323,,0.01
f1689319053daddf,BA,2026-03-24,^FTAS,Karin Hoeing,Executive Director,T2,111923.37,28000000000,0,0,Industrials,BA-2026-03-19,0,67.37,High,1.75,0.7,0.45,0.1,0.1,128.0,,-0.12323,,-0.13323,,0.01
d537d1d4e951c4e7,BA,2026-03-24,^FTAS,Andrea Thompson,Executive Director,T2,44216.64,28000000000,0,0,Industrials,BA-2026-03-19,0,60.32,High,1.75,0.7,0.316,0.1,0.1,128.0,,-0.12323,,-0.13323,,0.01
954a0fe0a28c7f2c,BA,2026-03-24,^FTAS,Bradley Greve,CFO,T1b,292866.15,28000000000,0,0,Industrials,BA-2026-03-19,0,85.18,Exceptional,1.75,0.9,0.589,0.1,0.1,128.0,,-0.12323,,-0.13323,,0.01
7e311655879193d6,BA,2026-03-24,^FTAS,Gabrielle Costigan,Executive Director,T2,109136.8,28000000000,0,0,Industrials,BA-2026-03-19,0,67.18,High,1.75,0.7,0.446,0.1,0.1,128.0,,-0.12323,,-0.13323,,0.01
43effbe98a88485e,BA,2026-03-24,^FTAS,Caitlin Hayden,NED,T3,80165.69,28000000000,0,0,Industrials,BA-2026-03-19,0,43.84,Moderate,1.75,0.3,0.402,0.1,0.1,128.0,,-0.12323,,-0.13323,,0.01
350e04654f57a1a2,BA,2026-03-24,^FTAS,Tania Gandamihardja,Executive Director,T2,92555.56,28000000000,0,0,Industrials,BA-2026-03-19,0,65.93,High,1.75,0.7,0.422,0.1,0.1,128.0,,-0.12323,,-0.13323,,0.01
25d48ccac715d4b2,BA,2026-03-24,^FTAS,Thomas Arseneault,CEO,T1a,364787.28,28000000000,0,0,Industrials,BA-2026-03-19,0,92.1,Exceptional,1.75,1.0,0.621,0.1,0.1,128.0,,-0.12323,,-0.13323,,0.01
210d4b5b497d18b5,BA,2026-03-24,^FTAS,Charles Woodburn,CEO,T1a,518532.22,28000000000,0,0,Industrials,BA-2026-03-19,0,94.78,Exceptional,1.75,1.0,0.672,0.1,0.1,128.0,,-0.12323,,-0.13323,,0.01
1666dea41870aabb,BA,2026-03-24,^FTAS,Glynn Phillips,Executive Director,T2,68927.29,28000000000,0,0,Industrials,BA-2026-03-19,0,63.69,High,1.75,0.7,0.38,0.1,0.1,128.0,,-0.12323,,-0.13323,,0.01
2d69295c29ab217e,BAG,2026-04-01,^FTAS,Mr Euan Sutherland,CEO,T1a,79201.33,682500000,0,0,Consumer Staples,,0,0.0,Low,0.0,1.0,0.4,0.556,0.871,182.0,1.0,-0.03556,,-0.04556,,0.01
2e458f51013dca66,BARC,2025-07-31,^FTAS,Mary Francis,NED,T3,13916.17,61970000000,0,0,Financials,BARC-2025-07-30,0,26.17,Low,1.5,0.3,0.148,0.1,0.1,362.0,,0.01147,0.12532,0.00147,0.11532,0.01
d7cef86f525bdab7,BARC,2025-07-31,^FTAS,Julia Wilson,NED,T3,9821.43,61970000000,0,0,Financials,BARC-2025-07-30,0,23.9,Low,1.5,0.3,0.098,0.1,0.1,362.0,,0.01147,0.12532,0.00147,0.11532,0.01
38e79bd7d577e312,BARC,2025-07-31,^FTAS,Mary Mack,NED,T3,3364.06,61970000000,0,0,Financials,BARC-2025-07-30,0,19.5,Low,1.5,0.3,0.0,0.1,0.1,362.0,,0.01147,0.12532,0.00147,0.11532,0.01
d3959b7867e6dc12,BARC,2025-07-31,^FTAS,Brian Gilvary,NED,T3,17209.76,61970000000,0,0,Financials,BARC-2025-07-30,0,27.55,Low,1.5,0.3,0.179,0.1,0.1,362.0,,0.01147,0.12532,0.00147,0.11532,0.01
6729e9ef317ab566,BARC,2025-07-31,^FTAS,Dawn Fitzpatrick,NED,T3,11123.29,61970000000,0,0,Financials,BARC-2025-07-30,0,24.71,Low,1.5,0.3,0.116,0.1,0.1,362.0,,0.01147,0.12532,0.00147,0.11532,0.01
ed39b0bef3c2d5a6,BARC,2025-07-31,^FTAS,Robert Berry,NED,T3,9216.86,61970000000,0,0,Financials,BARC-2025-07-30,0,23.48,Low,1.5,0.3,0.089,0.1,0.1,362.0,,0.01147,0.12532,0.00147,0.11532,0.01
4e7d680abf0bbab6,BARC,2025-07-31,^FTAS,Sir John Kingman,NED,T3,8623.42,61970000000,0,0,Financials,BARC-2025-07-30,0,23.05,Low,1.5,0.3,0.079,0.1,0.1,362.0,,0.01147,0.12532,0.00147,0.11532,0.01
58596f62941b6d90,BARC,2025-07-31,^FTAS,Diony Lebot,NED,T3,5993.74,61970000000,0,0,Financials,BARC-2025-07-30,0,20.68,Low,1.5,0.3,0.026,0.1,0.1,362.0,,0.01147,0.12532,0.00147,0.11532,0.01
ce5fedf8ee760d03,BARC,2025-07-31,^FTAS,Brian Shea,NED,T3,10871.08,61970000000,0,0,Financials,BARC-2025-07-30,0,24.56,Low,1.5,0.3,0.112,0.1,0.1,362.0,,0.01147,0.12532,0.00147,0.11532,0.01
21775190c691e379,BARC,2025-07-31,^FTAS,Nigel Higgins,Chair (executive),T7,36689.43,61970000000,0,0,Financials,BARC-2025-07-30,0,63.98,High,1.5,1.0,0.289,0.1,0.1,362.0,,0.01147,0.12532,0.00147,0.11532,0.01
bebfde700a8fdc6e,BARC,2025-11-06,^FTAS,Craig Bright,CEO,T1a,5.32,61970000000,0,0,Financials,,0,34.0,Low,1.0,1.0,0.0,0.1,0.1,264.0,,0.11901,-0.10112,0.10901,-0.11112,0.01
0202204dcca79f17,BARC,2026-02-13,^FTAS,Diony Lebot,NED,T3,8668.82,61970000000,0,0,Financials,,0,23.08,Low,1.5,0.3,0.08,0.1,0.1,165.0,,-0.10522,0.13306,-0.11522,0.12306,0.01
26ea70d898ac8c10,BATS,2025-08-05,^FTAS,Michael Dijanosic,Divisional / Regional Exec,T2,47389.52,95190000000,0,0,Consumer Staples,BATS-2025-08-01,0,69.53,High,2.0,0.7,0.326,0.1,0.1,301.0,,-0.02874,-0.00078,-0.03874,-0.01078,0.01
d9f347468560724c,BATS,2025-08-05,^FTAS,Tadeu Marroco,CEO,T1a,16358.76,95190000000,0,0,Consumer Staples,BATS-2025-08-01,0,78.3,High,2.0,1.0,0.172,0.1,0.1,301.0,,-0.02874,-0.00078,-0.03874,-0.01078,0.01
d692a633f8e47da4,BATS,2025-08-05,^FTAS,Fred Monteiro,Divisional / Regional Exec,T2,30949.1,95190000000,0,0,Consumer Staples,BATS-2025-08-01,0,65.83,High,2.0,0.7,0.264,0.1,0.1,301.0,,-0.02874,-0.00078,-0.03874,-0.01078,0.01
9bb32bfc41c68284,BATS,2025-08-05,^FTAS,Luciano Comin,Other Chief,T2,67734.55,95190000000,0,0,Consumer Staples,BATS-2025-08-01,0,72.64,High,2.0,0.7,0.377,0.1,0.1,301.0,,-0.02874,-0.00078,-0.03874,-0.01078,0.01
79a21de211486f02,BATS,2025-08-05,^FTAS,Javed Iqbal,Executive Director,T2,10562.97,95190000000,0,0,Consumer Staples,BATS-2025-08-01,0,56.5,Moderate,2.0,0.7,0.108,0.1,0.1,301.0,,-0.02874,-0.00078,-0.03874,-0.01078,0.01
841bb15a4912262e,BATS,2025-08-05,^FTAS,David Waterfield,CEO,T1a,19358.6,95190000000,0,0,Consumer Staples,BATS-2025-08-01,0,79.76,High,2.0,1.0,0.196,0.1,0.1,301.0,,-0.02874,-0.00078,-0.03874,-0.01078,0.01
3c8d9eb510c3519b,BATS,2025-08-05,^FTAS,Soraya Benchikh,CFO,T1b,2272.05,95190000000,0,0,Consumer Staples,BATS-2025-08-01,0,62.0,High,2.0,0.9,0.0,0.1,0.1,301.0,,-0.02874,-0.00078,-0.03874,-0.01078,0.01
be0aa433d9fbf31c,BATS,2025-08-14,^FTAS,Tadeu Marroco,CEO,T1a,7109.46,95190000000,0,0,Consumer Staples,BATS-2025-08-01,0,71.06,High,2.0,1.0,0.051,0.1,0.1,292.0,,-0.07995,-0.07191,-0.08995,-0.08191,0.01
d78ce737bab58a67,BATS,2025-08-14,^FTAS,Luciana Franco Do Amaral,PCA,T5,7109.46,95190000000,0,0,Consumer Staples,BATS-2025-08-01,0,71.06,High,2.0,1.0,0.051,0.1,0.1,292.0,,-0.07995,-0.07191,-0.08995,-0.08191,0.01
b3be17b48f854e36,BATS,2025-08-15,^FTAS,Serpil Timuray,NED,T3,1965.56,95190000000,0,0,Consumer Staples,BATS-2025-08-01,0,26.0,Low,2.0,0.3,0.0,0.1,0.1,291.0,,-0.08201,-0.06778,-0.09201,-0.07778,0.01
bdf327ccf03482db,BATS,2025-08-15,^FTAS,Abdurrahman Murat Timuray,PCA,T5,1965.56,95190000000,0,0,Consumer Staples,BATS-2025-08-01,0,68.0,High,2.0,1.0,0.0,0.1,0.1,291.0,,-0.08201,-0.06778,-0.09201,-0.07778,0.01
019f7fedd13bf372,BATS,2025-11-11,^FTAS,Javed Iqbal,CFO,T1b,9253.66,95190000000,0,0,Consumer Staples,BATS-2025-11-07,0,42.09,Moderate,1.25,0.9,0.089,0.1,0.1,203.0,,-0.00617,0.01835,-0.01617,0.00835,0.01
3e284b7964ae3a3f,BATS,2025-11-11,^FTAS,Luciano Comin,Other Chief,T2,68759.25,95190000000,0,0,Consumer Staples,BATS-2025-11-07,0,45.48,Moderate,1.25,0.7,0.379,0.1,0.1,203.0,,-0.00617,0.01835,-0.01617,0.00835,0.01
8da260c4ae5b692e,BATS,2025-11-11,^FTAS,Michael Dijanosic,Divisional / Regional Exec,T2,48094.13,95190000000,0,0,Consumer Staples,BATS-2025-11-07,0,43.54,Moderate,1.25,0.7,0.328,0.1,0.1,203.0,,-0.00617,0.01835,-0.01617,0.00835,0.01
b2979233e15826db,BATS,2025-11-11,^FTAS,David Waterfield,CEO,T1a,19627.72,95190000000,0,0,Consumer Staples,BATS-2025-11-07,0,49.92,Moderate,1.25,1.0,0.198,0.1,0.1,203.0,,-0.00617,0.01835,-0.01617,0.00835,0.01
cce164570247bd7c,BATS,2025-11-11,^FTAS,Fred Monteiro,Divisional / Regional Exec,T2,31412.65,95190000000,0,0,Consumer Staples,BATS-2025-11-07,0,41.23,Moderate,1.25,0.7,0.266,0.1,0.1,203.0,,-0.00617,0.01835,-0.01617,0.00835,0.01
292ab92093df3f44,BATS,2025-11-11,^FTAS,Tadeu Marroco,CEO,T1a,16354.8,95190000000,0,0,Consumer Staples,BATS-2025-11-07,0,48.93,Moderate,1.25,1.0,0.172,0.1,0.1,203.0,,-0.00617,0.01835,-0.01617,0.00835,0.01
bbd303929c7be2e7,BATS,2025-11-20,^FTAS,Tadeu Marroco,CEO,T1a,7177.81,95190000000,0,0,Consumer Staples,BATS-2025-11-07,0,44.46,Moderate,1.25,1.0,0.052,0.1,0.1,194.0,,-0.09776,-0.01375,-0.10776,-0.02375,0.01
7bc2ec3bf0050bc0,BATS,2025-11-20,^FTAS,Luciana Franco Do Amaral,PCA,T5,7177.81,95190000000,0,0,Consumer Staples,BATS-2025-11-07,0,44.46,Moderate,1.25,1.0,0.052,0.1,0.1,194.0,,-0.09776,-0.01375,-0.10776,-0.02375,0.01
e05ec930b6c2e42d,BATS,2026-02-06,^FTAS,Fred Monteiro,Divisional / Regional Exec,T2,31890.41,95190000000,0,0,Consumer Staples,BATS-2026-02-04,0,42.39,Moderate,1.25,0.7,0.268,0.1,0.148,116.0,,-0.01674,-0.038,-0.02674,-0.048,0.01
5545b8135412b0fe,BATS,2026-02-06,^FTAS,David Waterfield,CEO,T1a,19937.21,95190000000,0,0,Consumer Staples,BATS-2026-02-04,0,51.09,Moderate,1.25,1.0,0.2,0.1,0.148,116.0,,-0.01674,-0.038,-0.02674,-0.048,0.01
03a1ba9688db95bf,BATS,2026-02-06,^FTAS,Javed Iqbal,CFO,T1b,9352.69,95190000000,0,0,Consumer Staples,BATS-2026-02-04,0,43.23,Moderate,1.25,0.9,0.091,0.1,0.148,116.0,,-0.01674,-0.038,-0.02674,-0.048,0.01
5044ebf5330e8055,BATS,2026-02-06,^FTAS,Tadeu Marroco,CEO,T1a,16358.16,95190000000,0,0,Consumer Staples,BATS-2026-02-04,0,50.01,Moderate,1.25,1.0,0.172,0.1,0.148,116.0,,-0.01674,-0.038,-0.02674,-0.048,0.01
6a9224721a17a059,BATS,2026-02-16,^FTAS,Tadeu Marroco,CEO,T1a,7288.14,95190000000,0,0,Consumer Staples,BATS-2026-02-04,0,57.99,Moderate,1.5,1.0,0.055,0.1,0.268,106.0,,0.06956,0.11049,0.05956,0.10049,0.01
3af5fd92e740ce9d,BATS,2026-02-16,^FTAS,Luciana Franco Do Amaral,PCA,T5,7288.14,95190000000,0,0,Consumer Staples,BATS-2026-02-04,0,57.99,Moderate,1.5,1.0,0.055,0.1,0.268,106.0,,0.06956,0.11049,0.05956,0.10049,0.01
7f29719662074098,BATS,2026-02-17,^FTAS,Serpil Timuray,NED,T3,1996.12,95190000000,0,0,Consumer Staples,BATS-2026-02-04,0,20.3,Low,1.25,0.3,0.0,0.1,0.28,105.0,,0.05451,0.08474,0.04451,0.07474,0.01
68f2f81c28c8773e,BATS,2026-02-17,^FTAS,Abdurrahman Murat Timuray,,T4,1996.12,95190000000,0,0,Consumer Staples,BATS-2026-02-04,0,16.55,Low,1.25,0.2,0.0,0.1,0.28,105.0,,0.05451,0.08474,0.04451,0.07474,0.01
203a46d05a9db56f,BATS,2026-05-08,^FTAS,Kingsley Wheaton,Other Chief,T2,15940.69,95190000000,0,0,Consumer Staples,BATS-2026-05-07,0,49.41,Moderate,1.75,0.7,0.168,0.1,0.0,25.0,,0.02424,,0.01424,,0.01
346eb4441ee989ca,BATS,2026-05-08,^FTAS,James Barrett,Executive Director,T2,1933.51,95190000000,0,0,Consumer Staples,BATS-2026-05-07,0,40.6,Moderate,1.75,0.7,0.0,0.1,0.0,25.0,,0.02424,,0.01424,,0.01
3e9662d042ba9404,BATS,2026-05-08,^FTAS,James Murphy,NED,T3,7476.23,95190000000,0,0,Consumer Staples,BATS-2026-05-07,0,22.66,Low,1.75,0.3,0.058,0.1,0.0,25.0,,0.02424,,0.01424,,0.01
ae0b70628b01173e,BATS,2026-05-08,^FTAS,Fred Monteiro,Divisional / Regional Exec,T2,41248.15,95190000000,0,0,Consumer Staples,BATS-2026-05-07,0,56.64,Moderate,1.75,0.7,0.305,0.1,0.0,25.0,,0.02424,,0.01424,,0.01
c1993b3f7c4e79f8,BATS,2026-05-08,^FTAS,David Waterfield,CEO,T1a,25908.99,95190000000,0,0,Consumer Staples,BATS-2026-05-07,0,68.85,High,1.75,1.0,0.238,0.1,0.0,25.0,,0.02424,,0.01424,,0.01
03c993b99ac72724,BATS,2026-05-08,^FTAS,Tadeu Marroco,CEO,T1a,15901.06,95190000000,0,0,Consumer Staples,BATS-2026-05-07,0,65.14,High,1.75,1.0,0.167,0.1,0.0,25.0,,0.02424,,0.01424,,0.01
4b3d8cce60c6b70b,BATS,2026-05-08,^FTAS,Tadeu Marroco,CEO,T1a,267153.36,95190000000,0,0,Consumer Staples,BATS-2026-05-07,0,86.59,Exceptional,1.75,1.0,0.576,0.1,0.0,25.0,,0.02424,,0.01424,,0.01
fff8004bc4536b7a,BATS,2026-05-26,^FTAS,Luciana Franco Do Amaral,,T4,7563.34,95190000000,0,0,Consumer Staples,BATS-2026-05-07,0,19.99,Low,2.0,0.2,0.06,0.1,0.0,7.0,,,,,,0.01
87f5fc0e5abe0e8a,BATS,2026-05-26,^FTAS,Tadeu Marroco,CEO,T1a,7563.34,95190000000,0,0,Consumer Staples,BATS-2026-05-07,0,67.99,High,2.0,1.0,0.06,0.1,0.0,7.0,,,,,,0.01
88d3723cbc540aaf,BATS,2026-05-27,^FTAS,Serpil Timuray,NED,T3,2054.78,95190000000,0,0,Consumer Staples,BATS-2026-05-07,0,22.4,Low,2.0,0.3,0.0,0.1,0.0,6.0,,,,,,0.01
b9d8022671eebfd9,BATS,2026-05-27,^FTAS,Abdurrahman Murat Timuray,,T4,2054.78,95190000000,0,0,Consumer Staples,BATS-2026-05-07,0,16.4,Low,2.0,0.2,0.0,0.1,0.0,6.0,,,,,,0.01
86f061a300d745c6,BBOX,2026-03-02,^FTAS,Harriet Godfrey,PCA,T5,9149.88,3930000000,0,0,Real Estate,BBOX-2026-02-27,0,50.14,Moderate,1.25,1.0,0.087,0.259,0.1,157.0,39.0,-0.09066,,-0.10066,,0.01
049b2fab8b11b4cb,BBOX,2026-03-02,^FTAS,Petrina Porter (née Austin),PDMR-only,T4,34250.95,3930000000,0,0,Real Estate,BBOX-2026-02-27,0,27.31,Low,1.25,0.2,0.279,0.259,0.1,157.0,39.0,-0.09066,,-0.10066,,0.01
60fe0f556cdba309,BBOX,2026-03-02,^FTAS,Oscar Bell Franklin,PCA,T5,122032.05,3930000000,0,0,Real Estate,BBOX-2026-02-27,0,64.21,High,1.25,1.0,0.463,0.259,0.1,157.0,39.0,-0.09066,,-0.10066,,0.01
63227ba07768068e,BBOX,2026-03-02,^FTAS,Bjorn Hobart,PDMR-only,T4,34250.95,3930000000,0,0,Real Estate,BBOX-2026-02-27,0,27.31,Low,1.25,0.2,0.279,0.259,0.1,157.0,39.0,-0.09066,,-0.10066,,0.01
715e3a449525037a,BBOX,2026-03-02,^FTAS,James Dunlop,PDMR-only,T4,183014.75,3930000000,0,0,Real Estate,BBOX-2026-02-27,0,36.41,Low,1.25,0.2,0.521,0.259,0.1,157.0,39.0,-0.09066,,-0.10066,,0.01
d4cd344121d64229,BBOX,2026-03-02,^FTAS,Martine Whitehead,PCA,T5,34250.95,3930000000,0,0,Real Estate,BBOX-2026-02-27,0,57.31,Moderate,1.25,1.0,0.279,0.259,0.1,157.0,39.0,-0.09066,,-0.10066,,0.01
097ba9023fcb73f7,BBOX,2026-03-02,^FTAS,Colin Godfrey,PDMR-only,T4,164714.99,3930000000,0,0,Real Estate,BBOX-2026-02-27,0,35.83,Low,1.25,0.2,0.506,0.259,0.1,157.0,39.0,-0.09066,,-0.10066,,0.01
4f8bd21dc1fd0d92,BBOX,2026-03-02,^FTAS,Adam Godfrey,PCA,T5,9149.88,3930000000,0,0,Real Estate,BBOX-2026-02-27,0,50.14,Moderate,1.25,1.0,0.087,0.259,0.1,157.0,39.0,-0.09066,,-0.10066,,0.01
6c145d7248b0ce76,BBSN,2025-07-15,^FTAS,Price Per New Ordinary Share,Chair (executive),T7,349999.65,102700000,1,0,Communication Services,,0,82.95,Exceptional,1.0,1.0,0.615,0.878,0.844,58.0,,0.0431,0.24391,0.0331,0.23391,0.01
79d4447ac8bc1ed4,BBY,2025-09-26,^FTAS,Philip Hoare,CEO,T1a,248742.08,3880000000,0,0,Industrials,,0,81.76,Exceptional,1.5,1.0,0.566,0.261,0.1,166.0,,0.00142,0.02428,-0.00858,0.01428,0.01
e24ef51bbe0ddaad,BBY,2025-12-19,^FTAS,Charles Allen,Chair (executive),T7,4491.14,3880000000,0,0,Industrials,,0,45.75,Moderate,1.0,1.0,0.0,0.261,0.556,82.0,,-0.04562,0.08406,-0.05562,0.07406,0.01
1d41e846c1f15ff3,BCG,2025-12-05,^FTAS,Trevor Mather,Chair (executive),T7,465389.25,840680000,0,0,Communication Services,BCG-2025-12-04,0,78.68,High,1.25,1.0,0.656,0.521,0.1,178.0,,0.10628,0.10818,0.09628,0.09818,0.01
019a839ba619355c,BCG,2025-12-08,^FTAS,Rebecca Elizabeth Barkwill Williams,PCA,T5,100265.8,840680000,0,0,Communication Services,BCG-2025-12-04,0,70.34,High,1.25,1.0,0.434,0.521,0.1,175.0,,0.0939,0.03311,0.0839,0.02311,0.01
4dc0bc93f38de55a,BCG,2025-12-11,^FTAS,Edmund Warren Williams,NED,T3,99495.89,840680000,0,0,Communication Services,BCG-2025-12-04,0,44.05,Moderate,1.25,0.3,0.433,0.521,0.1,172.0,,-0.00165,-0.04569,-0.01165,-0.05569,0.01
7c0104c4879374a4,BCG,2026-04-28,^FTAS,Edmund Warren Williams,PCA,T5,99495.77,840680000,0,0,Communication Services,,0,72.44,High,1.0,1.0,0.433,0.521,1.0,34.0,,-0.02948,,-0.03948,,0.01
ba61539e6aca283e,BEZ,2025-08-14,^FTAS,Anthony John Reizenstein,NED,T3,9996.9,7580000000,0,0,Financials,BEZ-2025-08-14,0,17.04,Low,1.0,0.3,0.1,0.147,0.1,363.0,,0.11465,0.0031,0.10465,-0.0069,0.01
142982c0f87d95c5,BEZ,2025-08-14,^FTAS,Anthony John Reizenstein,NED,T3,39997,7580000000,0,0,Financials,BEZ-2025-08-14,0,23.07,Low,1.0,0.3,0.301,0.147,0.1,363.0,,0.11465,0.0031,0.10465,-0.0069,0.01
93c72d346e80fb9e,BEZ,2025-08-15,^FTAS,Carolyn Johnson,NED,T3,176941.68,7580000000,0,0,Financials,BEZ-2025-08-14,0,36.91,Low,1.25,0.3,0.516,0.147,0.1,362.0,,0.12399,0.00477,0.11399,-0.00523,0.01
434a45dac37c4115,BEZ,2025-08-18,^FTAS,Barbara Stuchbery,PCA,T5,50247.04,7580000000,0,0,Financials,BEZ-2025-08-14,0,90.11,Exceptional,2.0,1.0,0.334,0.147,0.1,359.0,,0.12971,-0.0124,0.11971,-0.0224,0.01
3b6592b1adf210c0,BGEO,2025-12-03,^FTAS,Andrew McIntyre,NED,T3,180.66,4550000000,0,0,Financials,,0,11.86,Low,0.5,0.3,0.0,0.234,0.532,84.0,,0.00683,0.14825,-0.00317,0.13825,0.01
4cae69b90bfbc007,BGO,2026-01-28,^FTAS,Matthew Wilson,CFO,T1b,9999.92,47000000,1,0,Technology,BGO-2026-01-27,0,48.07,Moderate,0.75,0.9,0.1,1.0,0.671,89.0,8.0,-0.1454,-0.26403,-0.1554,-0.27403,0.01
9e8cd100333b580a,BGO,2026-02-06,^FTAS,Paul Larbey,CEO,T1a,11971.08,47000000,1,0,Technology,BGO-2026-01-27,0,66.23,High,1.0,1.0,0.126,1.0,0.58,80.0,17.0,-0.07866,-0.21576,-0.08866,-0.22576,0.01
f2a7d72e3bb2941f,BGO,2026-02-12,^FTAS,Wayne Griffiths,Other Chief,T2,10001.34,47000000,1,0,Technology,BGO-2026-01-27,0,57.75,Moderate,1.0,0.7,0.1,1.0,0.652,74.0,23.0,-0.14037,-0.24275,-0.15037,-0.25275,0.01
ea48e10a6da7a927,BIRD,2026-03-25,^FTAS,Ian McDonough,Chair (executive),T7,49472.72,8640000,1,0,Technology,,0,19.28,Low,0.25,1.0,0.332,1.0,0.843,91.0,2.0,-0.26461,,-0.27461,,0.01
b804bd8f97278502,BKG,2025-07-02,^FTAS,Robert Perrins,CEO,T1a,99997.8,3230000000,0,0,Consumer Discretionary,BKG-2025-06-20,0,64.04,High,1.25,1.0,0.434,0.292,0.1,254.0,,0.02642,6e-05,0.01642,-0.00994,0.01
818fce60bceb6f34,BKG,2025-07-15,^FTAS,Robert Perrins,CEO,T1a,99968,3230000000,0,0,Consumer Discretionary,BKG-2025-06-20,0,76.85,High,1.5,1.0,0.434,0.292,0.1,241.0,,-0.02361,-0.0213,-0.03361,-0.0313,0.01
2c759b32714434d2,BKG,2025-09-30,^FTAS,Jane Eady,PCA,T5,49994.9,3230000000,0,0,Consumer Discretionary,,0,72.33,High,1.5,1.0,0.333,0.292,0.1,164.0,,0.01885,-0.0137,0.00885,-0.0237,0.01
41585200de82b0ef,BKG,2026-04-01,^FTAS,Robert Perrins,Chair (executive),T7,201482.29,3230000000,0,0,Consumer Discretionary,BKG-2026-04-01,0,77.56,High,1.25,1.0,0.535,0.292,0.532,84.0,19.0,0.03529,,0.02529,,0.01
8ecf704ede7fda36,BKG,2026-04-02,^FTAS,Jane Eady,PCA,T5,50496.6,3230000000,0,0,Consumer Discretionary,BKG-2026-04-01,0,93.23,Exceptional,1.5,1.0,0.335,0.292,0.871,83.0,1.0,0.03314,,0.02314,,0.01
74d2198555a47fe8,BKG,2026-04-07,^FTAS,Robert Perrins,Chair (executive),T7,222543.02,3230000000,0,0,Consumer Discretionary,BKG-2026-04-01,0,82.53,Exceptional,1.25,1.0,0.549,0.292,0.729,78.0,6.0,0.00594,,-0.00406,,0.01
752fb3f0940e5b5a,BKG,2026-04-15,^FTAS,Rachel Downey,NED,T3,19831.98,3230000000,0,0,Consumer Discretionary,BKG-2026-04-01,0,51.01,Moderate,1.5,0.3,0.199,0.292,0.7,70.0,14.0,0.02714,,0.01714,,0.01
7c78d4ce8828750b,BKG,2026-04-28,^FTAS,Robert Perrins,Chair (executive),T7,227160.01,3230000000,0,0,Consumer Discretionary,BKG-2026-04-01,0,100.0,Exceptional,1.5,1.0,0.552,0.292,0.856,57.0,27.0,0.041,,0.031,,0.01
210738c157265dad,BKG,2026-04-30,^FTAS,Robert Perrins,Chair (executive),T7,221760,3230000000,0,0,Consumer Discretionary,BKG-2026-04-01,0,100.0,Exceptional,1.5,1.0,0.549,0.292,0.88,55.0,29.0,0.07356,,0.06356,,0.01
64d43443f39e9d9c,BNZL,2025-07-11,^FTAS,James McCool,Divisional / Regional Exec,T2,28894.73,7930000000,0,0,Industrials,BNZL-2025-06-18,0,66.97,High,2.0,0.7,0.254,0.139,0.1,159.0,,-0.00297,-0.13437,-0.01297,-0.14437,0.01
485d13a34c4ccc3b,BNZL,2026-01-07,^FTAS,James McCool,Divisional / Regional Exec,T2,11172.15,7930000000,0,0,Industrials,,0,43.61,Moderate,1.0,0.7,0.116,0.139,0.892,54.0,21.0,-0.01292,0.14798,-0.02292,0.13798,0.01
cf4d910825685e4a,BNZL,2026-03-18,^FTAS,Frank van Zanten,CEO,T1a,17467.56,7930000000,0,0,Industrials,BNZL-2025-06-18,0,84.75,Exceptional,1.5,1.0,0.181,0.139,1.0,35.0,16.0,0.05138,,0.04138,,0.01
911d0a70558d873a,BNZL,2026-05-08,^FTAS,Frank van Zanten,CEO,T1a,358650,7930000000,0,0,Industrials,,0,17.35,Low,0.25,1.0,0.619,0.139,0.988,46.0,16.0,0.02024,,0.01024,,0.01
6cdc9de2c064fb4c,BOOM,2025-07-17,^FTAS,Michael Tobin,NED,T3,9880,100980000,1,0,Communication Services,,0,33.13,Low,1.0,0.3,0.099,0.881,0.1,273.0,,0.41314,0.64896,0.40314,0.63896,0.01
8bd146f36485edf9,BOOT,2026-04-29,^FTAS,Timothy Andrew Roberts,CEO,T1a,27600,221460000,1,0,Real Estate,,0,55.66,Moderate,1.0,1.0,0.247,0.747,0.1,146.0,36.0,-0.03371,,-0.04371,,0.01
04804e14f43ef9ab,BOW,2026-05-27,^FTAS,Wendy Dixon,NED,T3,4192.77,7690000,1,0,Financials,,0,21.8,Low,0.5,0.3,0.0,1.0,0.7,125.0,7.0,,,,,0.01
56660145531b6ac2,BOWL,2025-07-07,^FTAS,Stephen Burns,CEO,T1a,29700.53,472750000,1,0,Consumer Discretionary,BOWL-2025-07-07,0,72.1,High,1.25,1.0,0.258,0.618,0.352,99.0,,0.00347,0.02502,-0.00653,0.01502,0.01
71f17451df747891,BOWL,2025-07-08,^FTAS,Wendy Shapland,PCA,T5,30243.75,472750000,1,0,Consumer Discretionary,BOWL-2025-07-07,0,72.47,High,1.25,1.0,0.261,0.618,0.364,98.0,,0.01456,0.01906,0.00456,0.00906,0.01
f06a79711f1d7aa1,BOWL,2025-07-09,^FTAS,Rachel Addison,NED,T3,61750,472750000,1,0,Consumer Discretionary,BOWL-2025-07-07,0,50.36,Moderate,1.25,0.3,0.364,0.618,0.376,97.0,,-0.00889,0.01354,-0.01889,0.00354,0.01
a1f41a3d1a40264d,BOWL,2025-07-18,^FTAS,Asheeka Hyde,NED,T3,2468,472750000,1,0,Consumer Discretionary,BOWL-2025-07-07,0,39.15,Low,1.25,0.3,0.0,0.618,0.484,88.0,,0.01671,0.04646,0.00671,0.03646,0.01
4c01a8ce91162c79,BOWL,2025-07-23,^FTAS,Julia Porter,NED,T3,24950,472750000,1,0,Consumer Discretionary,BOWL-2025-07-07,0,49.22,Moderate,1.25,0.3,0.233,0.618,0.544,83.0,,-0.02369,0.08406,-0.03369,0.07406,0.01
59ba6049126351bd,BOWL,2025-08-07,^FTAS,Ivan Schofield,NED,T3,56009.6,472750000,1,0,Consumer Discretionary,BOWL-2025-07-07,0,69.19,High,1.5,0.3,0.35,0.618,0.724,68.0,,-0.01116,0.04836,-0.02116,0.03836,0.01
852d9d74fc37137d,BOWL,2025-08-08,^FTAS,Ivan Schofield,NED,T3,17341.08,472750000,1,0,Consumer Discretionary,BOWL-2025-07-07,0,61.88,High,1.5,0.3,0.18,0.618,0.736,67.0,,-0.02809,0.02192,-0.03809,0.01192,0.01
ec42460240a54792,BOWL,2026-02-16,^FTAS,Asheeka Hyde,NED,T3,2597.5,472750000,1,0,Consumer Discretionary,BOWL-2026-02-13,0,37.8,Low,1.0,0.3,0.0,0.618,0.844,58.0,62.0,-0.03364,0.08609,-0.04364,0.07609,0.01
dd2e12c99fb4edfd,BOWL,2026-03-09,^FTAS,Melanie Dickinson,Other Chief,T2,5399.46,472750000,1,0,Consumer Discretionary,BOWL-2026-02-13,0,52.94,Moderate,1.0,0.7,0.011,0.618,1.0,37.0,83.0,0.02909,,0.01909,,0.01
82afb7564179fd3b,BOWL,2026-03-09,^FTAS,Laurence Keen,Divisional / Regional Exec,T2,4318.11,472750000,1,0,Consumer Discretionary,BOWL-2026-02-13,0,52.6,Moderate,1.0,0.7,0.0,0.618,1.0,37.0,83.0,0.02909,,0.01909,,0.01
ad84e708cf7ff993,BOWL,2026-03-09,^FTAS,Darryl Lewis,Executive Director,T2,8998.29,472750000,1,0,Consumer Discretionary,BOWL-2026-02-13,0,55.16,Moderate,1.0,0.7,0.085,0.618,1.0,37.0,83.0,0.02909,,0.01909,,0.01
4622dc45c2b50b7d,BOWL,2026-03-09,^FTAS,Mat Hart,Executive Director,T2,17999.01,472750000,1,0,Consumer Discretionary,BOWL-2026-02-13,0,58.17,Moderate,1.0,0.7,0.185,0.618,1.0,37.0,83.0,0.02909,,0.01909,,0.01
f1203f4c03fa1947,BOWL,2026-03-09,^FTAS,Stephen Burns,CEO,T1a,3598.83,472750000,1,0,Consumer Discretionary,BOWL-2026-02-13,0,61.6,High,1.0,1.0,0.0,0.618,1.0,37.0,83.0,0.02909,,0.01909,,0.01
61c916497bf15440,BPM,2026-04-20,^FTAS,Francesca Chappell,PDMR-only,T4,1795.75,247030000,1,0,Financials,BPM-2026-04-20,0,50.04,Moderate,1.25,0.2,0.0,0.729,1.0,37.0,55.0,0.04565,,0.03565,,0.01
129648df6f383e60,BPM,2026-04-20,^FTAS,Alice Foulk,Other Chief,T2,1795.75,247030000,1,0,Financials,BPM-2026-04-20,0,68.79,High,1.25,0.7,0.0,0.729,1.0,37.0,55.0,0.04565,,0.03565,,0.01
2171ba09009a815e,BPM,2026-04-20,^FTAS,Daniel Topping,CEO,T1a,1795.75,247030000,1,0,Financials,BPM-2026-04-20,0,80.04,Exceptional,1.25,1.0,0.0,0.729,1.0,37.0,55.0,0.04565,,0.03565,,0.01
df6c0e3ce1b1208e,BPT,2025-11-17,^FTAS,Cyrus Taraporevala,NED,T3,283800,2190000000,0,0,Financials,,0,9.32,Low,0.25,0.3,0.585,0.358,0.16,115.0,,-0.00454,-0.19803,-0.01454,-0.20803,0.01
a226c8ccca5d77af,BPT,2026-03-16,^FTAS,Michelle Scrimgeour,NED,T3,49740.58,2190000000,0,0,Financials,,0,0.0,Low,0.0,0.3,0.333,0.358,0.786,123.0,4.0,0.0618,,0.0518,,0.01
c7b94f7b9f816e9e,BRBY,2025-09-05,^FTAS,Orna N,NED,T3,14908.78,3970000000,0,0,Consumer Discretionary,,0,32.21,Low,1.0,0.3,0.158,0.257,0.712,69.0,49.0,-0.02497,-0.01654,-0.03497,-0.02654,0.01
29a449eb04cb57cf,BRBY,2026-03-20,^FTAS,Stella King,NED,T3,6228.09,3970000000,0,0,Consumer Discretionary,,0,31.45,Low,1.0,0.3,0.032,0.257,0.88,55.0,58.0,0.14003,,0.13003,,0.01
191b281d00af769e,BREE,2025-07-24,^FTAS,Rob Wood,PDMR-only,T4,49296.2,955440000,0,0,Materials,BREE-2025-07-23,0,53.25,Moderate,1.25,0.2,0.331,0.499,0.871,119.0,1.0,0.01785,-0.14419,0.00785,-0.15419,0.01
bc6ffb07f05616f1,BREE,2025-07-24,^FTAS,James Brotherton,PDMR-only,T4,24868.69,955440000,0,0,Materials,BREE-2025-07-23,0,49.53,Moderate,1.25,0.2,0.232,0.499,0.871,119.0,1.0,0.01785,-0.14419,0.00785,-0.15419,0.01
42e92fc1854c051a,BREE,2025-08-13,^FTAS,Clive Watson,NED,T3,4539.78,955440000,0,0,Materials,BREE-2025-07-23,0,46.04,Moderate,1.75,0.3,0.0,0.499,0.352,99.0,21.0,-0.08073,-0.18822,-0.09073,-0.19822,0.01
a50141f74603bd48,BREE,2025-08-29,^FTAS,"Abicad Holding Limited, A Person Closely Associated With Amit Bhatia",NED,T3,589117.5,955440000,0,0,Materials,BREE-2025-07-23,0,88.34,Exceptional,1.75,0.3,0.69,0.499,0.544,83.0,37.0,-0.11699,-0.19973,-0.12699,-0.20973,0.01
ab25028969fb4b52,BREE,2025-11-12,^FTAS,Clive Watson,NED,T3,1453.8,955440000,0,0,Materials,BREE-2025-11-12,0,27.22,Low,1.25,0.3,0.0,0.499,0.1,8.0,112.0,-0.01124,-0.03653,-0.02124,-0.04653,0.01
7969553010d5a971,BREE,2025-11-21,^FTAS,Clive Watson,NED,T3,23629.56,955440000,0,0,Materials,BREE-2025-11-12,0,63.61,High,1.5,0.3,0.225,0.499,0.871,70.0,1.0,-0.03283,-0.11749,-0.04283,-0.12749,0.01
5244fa74f38e8b40,BREE,2025-11-26,^FTAS,"Abicad Holding Limited, A Person Closely Associated With Amit Bhatia",NED,T3,739284.6,955440000,0,0,Materials,BREE-2025-11-12,0,83.03,Exceptional,1.5,0.3,0.723,0.499,0.76,65.0,6.0,-0.04529,-0.13512,-0.05529,-0.14512,0.01
160e82922ed3fda7,BREE,2025-11-28,^FTAS,"Abicad Holding Limited, A Person Closely Associated With Amit Bhatia",NED,T3,785490,955440000,0,0,Materials,BREE-2025-11-12,0,98.09,Exceptional,1.75,0.3,0.732,0.499,0.784,63.0,8.0,-0.03839,-0.10934,-0.04839,-0.11934,0.01
9961a53b4af4c8dc,BREE,2026-04-08,^FTAS,Clive Watson,NED,T3,21386.12,955440000,0,0,Materials,,0,35.11,Low,1.25,0.3,0.21,0.499,0.1,21.0,28.0,-0.07558,,-0.08558,,0.01
233bc2da5a911182,BREE,2026-05-13,^FTAS,Clive Watson,NED,T3,7604.7,955440000,0,0,Materials,,0,34.4,Low,1.0,0.3,0.061,0.499,0.7,70.0,14.0,0.02993,,0.01993,,0.01
7d5dcc7e9c2aea58,BRK,2026-04-17,^FTAS,Maarten Slendebroek,Chair (executive),T7,98600,205460000,1,0,Financials,,0,61.47,High,1.0,1.0,0.432,0.76,0.1,139.0,,-0.04547,,-0.05547,,0.01
527dee79b615f04a,BRSC,2026-04-21,^FTAS,Louise Nash,NED,T3,31441.61,,0,0,Financials,BRSC-2026-04-16,0,42.66,Moderate,1.25,0.3,0.266,0.5,0.0,,,0.02349,,0.01349,,0.01
f09220267025a8dc,BRSC,2026-04-21,^FTAS,Angela Lane,NED,T3,59143.25,,0,0,Financials,BRSC-2026-04-16,0,46.84,Moderate,1.25,0.3,0.358,0.5,0.0,,,0.02349,,0.01349,,0.01
a196dec7cbb35336,BRSC,2026-04-24,^FTAS,Angela Lane,NED,T3,8925.45,,0,0,Financials,BRSC-2026-04-16,0,34.32,Low,1.25,0.3,0.084,0.5,0.0,,,0.01942,,0.00942,,0.01
00d3603d7d8aa63e,BRWM,2026-04-09,^FTAS,Marion Sears,NED,T3,29116.84,1790000000,0,0,Financials,,0,0.0,Low,0.0,0.3,0.255,0.392,0.0,,,-0.01373,,-0.02373,,0.01
138c73d5b1537c52,BTRW,2025-09-18,^FTAS,Geeta Nanda,NED,T3,62.76,3640000000,0,0,Consumer Discretionary,,0,20.97,Low,1.25,0.3,0.0,0.272,0.1,146.0,,-0.03503,-0.07393,-0.04503,-0.08393,0.01
327d309fefcbd518,BWY,2025-11-04,^FTAS,Simon Scougall,Other Chief,T2,85432.76,2070000000,0,0,Consumer Discretionary,BWY-2025-11-03,0,43.21,Moderate,1.0,0.7,0.411,0.368,0.1,140.0,,-0.01094,-0.1893,-0.02094,-0.1993,0.01
195e6a8b5eea0a30,BWY,2025-11-04,^FTAS,Jason Honeyman,CEO,T1a,153916.04,2070000000,0,0,Consumer Discretionary,BWY-2025-11-03,0,54.77,Moderate,1.0,1.0,0.496,0.368,0.1,140.0,,-0.01094,-0.1893,-0.02094,-0.1993,0.01
2eb0ba9e06994650,BWY,2026-04-24,^FTAS,Simon Scougall,Other Chief,T2,19840.32,2070000000,0,0,Consumer Discretionary,BWY-2026-04-22,0,58.87,Moderate,1.5,0.7,0.2,0.368,0.232,109.0,31.0,-0.07228,,-0.08228,,0.01
cf610b4fb82e5dc8,BYG,2026-05-19,^FTAS,Michael O'Donnell,NED,T3,33095.92,1610000000,0,0,Real Estate,,0,35.04,Low,1.25,0.3,0.274,0.41,0.1,182.0,35.0,0.0764,,0.0664,,0.01
2abb6e7d6bfa0686,CABP,2025-11-14,^FTAS,Kushagra Saxena,NED,T3,50398.42,201820000,1,0,Financials,,0,9.4,Low,0.25,0.3,0.334,0.763,0.1,265.0,,0.1997,0.73101,0.1897,0.72101,0.01
b3bedb0ac7c86c2b,CAD,2026-04-30,^FTAS,Thibaut de Gaudemar,Chair (executive),T7,172302.43,10170000,1,0,Energy,,0,78.43,High,1.0,1.0,0.512,1.0,0.614,346.0,10.0,-0.13517,,-0.14517,,0.01
dc10c94e75a9137a,CAN,2025-08-01,^FTAS,Canal,NED,T3,12230,2700000000,0,0,Communication Services,CAN-2025-07-31,0,16.33,Low,0.75,0.3,0.129,0.322,0.1,222.0,,-0.03051,-0.05453,-0.04051,-0.06453,0.01
8f3b27e393663835,CAN,2025-08-01,^FTAS,Christel Heydemann,NED,T3,12440,2700000000,0,0,Communication Services,CAN-2025-07-31,0,16.39,Low,0.75,0.3,0.132,0.322,0.1,222.0,,-0.03051,-0.05453,-0.04051,-0.06453,0.01
5d0e6879b225e21e,CAN,2025-08-01,^FTAS,Maud Bailly,NED,T3,12365,2700000000,0,0,Communication Services,CAN-2025-07-31,0,16.37,Low,0.75,0.3,0.131,0.322,0.1,222.0,,-0.03051,-0.05453,-0.04051,-0.06453,0.01
9882e6eb965bab05,CAN,2025-08-01,^FTAS,Anna Marsh,Other / unclassified,T4,37200,2700000000,0,0,Communication Services,CAN-2025-07-31,0,17.71,Low,0.75,0.2,0.291,0.322,0.1,222.0,,-0.03051,-0.05453,-0.04051,-0.06453,0.01
f19153c11e724e58,CAN,2025-08-07,^FTAS,Emmanuelle Malecaze-Doublet,NED,T3,12575,2700000000,0,0,Communication Services,CAN-2025-07-31,0,21.9,Low,1.0,0.3,0.134,0.322,0.1,216.0,,-0.03021,-0.03264,-0.04021,-0.04264,0.01
7e70f497ced28faa,CAN,2026-03-12,^FTAS,Amandine Ferr,Other / unclassified,T4,84630.7,2700000000,0,0,Communication Services,CAN-2026-03-11,0,53.68,Moderate,1.25,0.2,0.41,0.322,0.976,47.0,1.0,0.0253,,0.0153,,0.01
f2dc16b943cd2662,CAN,2026-03-12,^FTAS,Maxime Saada,Other / unclassified,T4,87436.44,2700000000,0,0,Communication Services,CAN-2026-03-11,0,53.86,Moderate,1.25,0.2,0.414,0.322,0.976,47.0,1.0,0.0253,,0.0153,,0.01
a5597e12d350d441,CAN,2026-03-17,^FTAS,Anna Marsh,Other / unclassified,T4,10228.5,2700000000,0,0,Communication Services,CAN-2026-03-11,0,42.75,Moderate,1.25,0.2,0.104,0.322,1.0,42.0,6.0,0.15832,,0.14832,,0.01
32cc036c9e97c183,CAN,2026-03-17,^FTAS,Xavier Mayer,NED,T3,7983.75,2700000000,0,0,Communication Services,CAN-2026-03-11,0,45.16,Moderate,1.25,0.3,0.068,0.322,1.0,42.0,6.0,0.15832,,0.14832,,0.01
522b71a871899c58,CAN,2026-03-20,^FTAS,Anna Marsh,Other / unclassified,T4,51595.93,2700000000,0,0,Communication Services,CAN-2026-03-11,0,51.54,Moderate,1.25,0.2,0.338,0.322,1.0,39.0,9.0,0.1388,,0.1288,,0.01
a839b59a80006c44,CAR,2025-09-19,^FTAS,Ian Tichias,CFO,T1b,6682.71,26870000,1,0,Industrials,CAR-2025-09-19,0,65.07,High,1.25,0.9,0.042,1.0,0.1,7.0,71.0,0.01673,-0.2789,0.00673,-0.2889,0.01
b0f04acb48bac377,CAR,2025-09-30,^FTAS,Frank Doorenbosch,CEO,T1a,29500,26870000,1,0,Industrials,CAR-2025-09-19,0,96.33,Exceptional,1.25,1.0,0.257,1.0,0.964,48.0,4.0,0.07422,-0.2252,0.06422,-0.2352,0.01
ee83734bf6d446e9,CAR,2025-11-25,^FTAS,Alan Hook,CEO,T1a,9945.96,26870000,1,0,Industrials,,0,100.0,Exceptional,2.0,1.0,0.1,1.0,0.786,149.0,4.0,-0.10539,-0.31949,-0.11539,-0.32949,0.01
68a61c61201be88f,CARD,2025-07-30,^FTAS,Darcy Willson-Rymer,CEO,T1a,9954.1,228160000,1,0,Consumer Discretionary,,0,63.9,High,1.25,1.0,0.1,0.742,0.1,135.0,,0.07624,-0.05847,0.06624,-0.06847,0.01
10abcf10ebb27e40,CARD,2025-12-17,^FTAS,Robert McWilliam,NED,T3,9999.76,228160000,1,0,Consumer Discretionary,CARD-2025-12-16,0,69.51,High,1.5,0.3,0.1,0.742,1.0,42.0,5.0,-0.09308,-0.10181,-0.10308,-0.11181,0.01
4f27a8981275623e,CARD,2025-12-17,^FTAS,Matthias Seeger,CFO,T1b,15241.99,228160000,1,0,Consumer Discretionary,CARD-2025-12-16,0,99.25,Exceptional,1.5,0.9,0.161,0.742,1.0,42.0,5.0,-0.09308,-0.10181,-0.10308,-0.11181,0.01
2b573ff8e47af275,CARD,2025-12-17,^FTAS,Darcy Willson-Rymer,CEO,T1a,10019.67,228160000,1,0,Consumer Discretionary,CARD-2025-12-16,0,100.0,Exceptional,1.5,1.0,0.101,0.742,1.0,42.0,5.0,-0.09308,-0.10181,-0.10308,-0.11181,0.01
24829b69a676c28d,CARD,2025-12-22,^FTAS,Indira Thambiah,NED,T3,5243.1,228160000,1,0,Consumer Discretionary,CARD-2025-12-16,0,54.42,Moderate,1.25,0.3,0.007,0.742,1.0,37.0,10.0,-0.04949,-0.08804,-0.05949,-0.09804,0.01
d0a241fbfdacfe12,CARD,2026-05-14,^FTAS,Pam Powell,NED,T3,7960.02,228160000,1,0,Consumer Discretionary,,0,61.81,High,1.75,0.3,0.067,0.742,0.443,138.0,16.0,-0.05435,,-0.06435,,0.01
17beca7b46f286ae,CBG,2026-04-09,^FTAS,Sally Williams,NED,T3,11433.67,682990000,0,0,Financials,CBG-2026-04-08,0,0.0,Low,0.0,0.3,0.12,0.556,1.0,42.0,140.0,0.1092,,0.0992,,0.01
0b26c5551718e595,CBG,2026-04-14,^FTAS,Martin Williams,PCA,T5,19902.15,682990000,0,0,Financials,CBG-2026-04-08,0,33.11,Low,0.5,1.0,0.2,0.556,1.0,37.0,145.0,0.05407,,0.04407,,0.01
e29fab626170f815,CBG,2026-04-14,^FTAS,Kari Hale,NED,T3,20369.02,682990000,0,0,Financials,CBG-2026-04-08,0,22.66,Low,0.5,0.3,0.203,0.556,1.0,37.0,145.0,0.05407,,0.04407,,0.01
b4683852c595215a,CCH,2025-10-23,^FTAS,Pantelis (linos) Doros Lekkas,NED,T3,345000,15650000000,0,0,Consumer Staples,,0,31.39,Low,1.0,0.3,0.613,0.1,0.1,286.0,,0.04922,0.23726,0.03922,0.22726,0.01
2badec38fc71f90b,CCR,2026-02-06,^FTAS,Vineet Bhalla,NED,T3,6871.02,348080000,1,0,Consumer Staples,,0,42.66,Moderate,1.25,0.3,0.046,0.67,0.5,102.0,14.0,-0.02314,-0.19641,-0.03314,-0.20641,0.01
aa6c10797f85cc91,CGL,2025-11-14,^FTAS,Richard Brown,NED,T3,15157.68,298490000,1,0,Financials,,0,8.88,Low,0.25,0.3,0.161,0.696,0.0,,,0.08935,0.05047,0.07935,0.04047,0.01
c0e9998faa345b2a,CGO,2025-10-23,^FTAS,Oliver Stansfield,NED,T3,38426.67,4930000,1,0,Financials,,0,83.31,Exceptional,2.0,0.3,0.295,1.0,0.1,370.0,238.0,-0.09886,0.06211,-0.10886,0.05211,0.01
b8adf81edd8005f1,CGS,2026-03-23,^FTAS,Adam Vicary,CEO,T1a,11000,139560000,1,0,Industrials,,0,100.0,Exceptional,2.0,1.0,0.114,0.826,0.1,128.0,131.0,0.1096,,0.0996,,0.01
6ac6d3504860df23,CHF,2025-10-17,^FTAS,Sook Hee Chang Ensor,PCA,T5,11894.2,2200000,1,0,Materials,,0,86.35,Exceptional,1.5,1.0,0.125,1.0,0.1,195.0,,-0.03643,-0.37743,-0.04643,-0.38743,0.01
2ca3191ec2a3676d,CHG,2025-09-09,^FTAS,Pete Raby,PDMR-only,T4,32611.14,1350000000,0,0,Industrials,,0,38.44,Low,1.5,0.2,0.271,0.44,0.1,266.0,,0.0084,-0.09292,-0.0016,-0.10292,0.01
2c83c22046198233,CHG,2025-12-09,^FTAS,Pete Raby,PDMR-only,T4,28095,1350000000,0,0,Industrials,,0,43.71,Moderate,1.75,0.2,0.25,0.44,0.1,175.0,,0.04399,0.07129,0.03399,0.06129,0.01
110923bce2f90f9c,CHG,2026-01-23,^FTAS,James Mortensen,PDMR-only,T4,239288.09,1350000000,0,0,Industrials,,0,34.28,Low,1.0,0.2,0.56,0.44,0.1,130.0,,0.00331,-0.06654,-0.00669,-0.07654,0.01
9ebe1fcb618c1b75,CHG,2026-03-31,^FTAS,Kate Rock,PDMR-only,T4,55836,1350000000,0,0,Industrials,,0,70.48,High,1.75,0.2,0.349,0.44,0.784,63.0,,-0.09447,,-0.10447,,0.01
ca391febeaffa463,CINH,2026-05-05,^FTAS,Jack Clipsham,NED,T3,5880,16600000,1,0,,,0,33.5,Low,1.0,0.3,0.023,1.0,0.1,122.0,774.0,-0.31776,,-0.32776,,0.01
b502cb4b10dc5df2,CKN,2025-10-21,^FTAS,Constantin Cotzias,Parser fragment,T4,25858.7,1440000000,0,0,Industrials,,0,57.78,Moderate,1.75,0.2,0.238,0.429,0.58,80.0,78.0,0.02792,0.06172,0.01792,0.05172,0.01
55d38355baee495c,CKN,2026-03-19,^FTAS,Constantin Cotzias,Parser fragment,T4,50725.28,1440000000,0,0,Industrials,,0,63.96,High,1.5,0.2,0.335,0.429,0.952,49.0,10.0,0.04863,,0.03863,,0.01
cc830e814ee7d211,CKT,2025-10-28,^FTAS,Christopher Kyte,CEO,T1a,39999.61,27000000,1,0,Technology,,0,62.83,High,1.0,1.0,0.301,1.0,0.1,175.0,,0.5352,0.05554,0.5252,0.04554,0.01
8abaed5126105ef5,CKT,2025-11-05,^FTAS,Christopher Kyte,CEO,T1a,19999.82,27000000,1,0,Technology,,0,44.87,Moderate,0.75,1.0,0.201,1.0,0.1,167.0,,0.11089,-0.22903,0.10089,-0.23903,0.01
02f4f8ec9c6378de,CKT,2025-11-28,^FTAS,Christopher Kyte,CEO,T1a,3.42,27000000,1,0,Technology,,0,53.8,Moderate,1.0,1.0,0.0,1.0,0.1,144.0,,-0.09508,0.04122,-0.10508,0.03122,0.01
020db90291129441,CKT,2025-12-23,^FTAS,Christopher Kyte,CEO,T1a,4999.83,27000000,1,0,Technology,,0,54.02,Moderate,1.0,1.0,0.0,1.0,0.112,119.0,,-0.16654,0.13887,-0.17654,0.12887,0.01
4764535bc86d2781,CLCO,2026-04-02,^FTAS,Simon Duckworth,NED,T3,4779.33,1820000,1,0,Technology,,0,11.54,Low,0.25,0.3,0.0,1.0,0.843,85.0,2.0,0.07048,,0.06048,,0.01
734403842766e5fb,CMCX,2025-08-19,^FTAS,Matthew Lewis,Other / unclassified,T4,28690.41,1240000000,0,0,Financials,CMCX-2025-08-15,0,62.44,High,2.0,0.2,0.253,0.455,0.424,93.0,75.0,0.00486,0.22023,-0.00514,0.21023,0.01
4f951de23d9c02c7,CMCX,2026-01-12,^FTAS,Matthew Lewis,Other / unclassified,T4,21816.1,1240000000,0,0,Financials,CMCX-2026-01-08,0,24.2,Low,1.0,0.2,0.213,0.455,0.1,143.0,53.0,0.0029,0.24969,-0.0071,0.23969,0.01
4bf1d03aa7c7a8f4,CMCX,2026-01-12,^FTAS,Lord Cruddas,CEO,T1a,882.66,1240000000,0,0,Financials,CMCX-2026-01-08,0,41.8,Moderate,1.0,1.0,0.0,0.455,0.1,143.0,53.0,0.0029,0.24969,-0.0071,0.23969,0.01
0322d46a916ffe27,CMCX,2026-01-12,^FTAS,Laurence Booth,Other / unclassified,T4,1996.94,1240000000,0,0,Financials,CMCX-2026-01-08,0,17.8,Low,1.0,0.2,0.0,0.455,0.1,143.0,53.0,0.0029,0.24969,-0.0071,0.23969,0.01
e7d952f733d3db81,CML,2025-08-12,^FTAS,Geoff Barnes,NED,T3,20116.25,50810000,1,0,Technology,,0,10.88,Low,0.25,0.3,0.202,0.997,0.364,98.0,49.0,-0.12771,-0.04463,-0.13771,-0.05463,0.01
06ef16040e7fcb33,CML,2026-03-23,^FTAS,Gaye Gurry,PCA,T5,51891,50810000,1,0,Technology,,0,15.98,Low,0.25,1.0,0.339,0.997,0.1,9.0,125.0,0.03695,,0.02695,,0.01
98d627c369f4e1e3,CMRS,2025-12-10,^FTAS,Alexie Crassas,Divisional / Regional Exec,T2,16623.77,6790000,1,0,Materials,,0,75.03,High,1.5,0.7,0.174,1.0,0.1,294.0,337.0,-0.28754,-0.26841,-0.29754,-0.27841,0.01
585851ba112fcdd1,CNA,2025-07-25,^FTAS,Philippe Boisseau,NED,T3,1683.53,8560000000,0,0,Utilities,,0,13.58,Low,1.0,0.3,0.0,0.126,0.1,209.0,,-0.05954,-0.01779,-0.06954,-0.02779,0.01
8519e4379c57791d,CNA,2025-08-26,^FTAS,Philippe Boisseau,NED,T3,1683.56,8560000000,0,0,Utilities,CNA-2025-08-26,0,13.58,Low,1.0,0.3,0.0,0.126,0.1,177.0,,0.01057,-0.0099,0.00057,-0.0199,0.01
bf33013e71c6ef27,CNA,2025-09-25,^FTAS,Sue Whalley,NED,T3,975.01,8560000000,0,0,Utilities,CNA-2025-08-26,0,13.58,Low,1.0,0.3,0.0,0.126,0.1,147.0,,0.01866,0.04201,0.00866,0.03201,0.01
feb412ee708bbd56,CNA,2025-09-25,^FTAS,Philippe Boisseau,NED,T3,1682.14,8560000000,0,0,Utilities,CNA-2025-08-26,0,13.58,Low,1.0,0.3,0.0,0.126,0.1,147.0,,0.01866,0.04201,0.00866,0.03201,0.01
adb017ec77aa6db1,CNA,2025-10-27,^FTAS,Sue Whalley,NED,T3,973.55,8560000000,0,0,Utilities,CNA-2025-10-27,0,14.66,Low,1.0,0.3,0.0,0.126,0.16,115.0,,-0.0448,0.02242,-0.0548,0.01242,0.01
a77b49e37bdc132e,CNA,2025-10-27,^FTAS,Philippe Boisseau,NED,T3,1682.87,8560000000,0,0,Utilities,CNA-2025-10-27,0,14.66,Low,1.0,0.3,0.0,0.126,0.16,115.0,,-0.0448,0.02242,-0.0548,0.01242,0.01
8f58b94b93ad3274,CNA,2025-11-25,^FTAS,Philippe Boisseau,NED,T3,1756.11,8560000000,0,0,Utilities,CNA-2025-10-27,0,20.93,Low,1.0,0.3,0.0,0.126,0.508,86.0,,0.04636,0.26364,0.03636,0.25364,0.01
d3c18e6c64bd63dc,CNA,2025-11-25,^FTAS,Sue Whalley,NED,T3,975.62,8560000000,0,0,Utilities,CNA-2025-10-27,0,20.93,Low,1.0,0.3,0.0,0.126,0.508,86.0,,0.04636,0.26364,0.03636,0.25364,0.01
40e89c7baf28b575,CNA,2025-12-29,^FTAS,Philippe Boisseau,NED,T3,1878.79,8560000000,0,0,Utilities,CNA-2025-12-29,0,28.27,Low,1.0,0.3,0.0,0.126,0.916,52.0,,0.08006,0.15038,0.07006,0.14038,0.01
d964c904f3b81671,CNA,2025-12-29,^FTAS,Sue Whalley,NED,T3,974.75,8560000000,0,0,Utilities,CNA-2025-12-29,0,28.27,Low,1.0,0.3,0.0,0.126,0.916,52.0,,0.08006,0.15038,0.07006,0.14038,0.01
2c47492c1c9dd0ab,CNA,2026-01-26,^FTAS,Philippe Boisseau,NED,T3,1880.41,8560000000,0,0,Utilities,CNA-2025-12-29,0,14.73,Low,1.25,0.3,0.0,0.126,0.0,24.0,,0.05075,0.00684,0.04075,-0.00316,0.01
fe90225d173053fa,CNA,2026-01-26,^FTAS,Sue Whalley,NED,T3,976.12,8560000000,0,0,Utilities,CNA-2025-12-29,0,14.73,Low,1.25,0.3,0.0,0.126,0.0,24.0,,0.05075,0.00684,0.04075,-0.00316,0.01
8da89629e3ba7f22,CNA,2026-02-25,^FTAS,Sue Whalley,NED,T3,975.42,8560000000,0,0,Utilities,CNA-2025-12-29,0,24.9,Low,1.0,0.3,0.0,0.126,0.729,148.0,6.0,0.09944,,0.08944,,0.01
324ef74046a7a593,CNA,2026-02-25,^FTAS,Frank Mastiaux,NED,T3,14344.16,8560000000,0,0,Utilities,CNA-2025-12-29,0,29.47,Low,1.0,0.3,0.153,0.126,0.729,148.0,6.0,0.09944,,0.08944,,0.01
4139eeb2a7c1fcc7,CNA,2026-03-25,^FTAS,Frank Mastiaux,NED,T3,2620.86,8560000000,0,0,Utilities,CNA-2025-12-29,0,13.58,Low,1.0,0.3,0.0,0.126,0.1,120.0,34.0,-0.01398,,-0.02398,,0.01
70d1deb25ea469f8,CNA,2026-03-25,^FTAS,Sue Whalley,NED,T3,974.14,8560000000,0,0,Utilities,CNA-2025-12-29,0,13.58,Low,1.0,0.3,0.0,0.126,0.1,120.0,34.0,-0.01398,,-0.02398,,0.01
69968ff88ee43690,CNA,2026-04-27,^FTAS,Sue Whalley,NED,T3,975.31,8560000000,0,0,Utilities,CNA-2026-04-27,0,25.89,Low,1.25,0.3,0.0,0.126,0.496,87.0,67.0,-0.10022,,-0.11022,,0.01
32eca03fbba6855b,CNA,2026-04-27,^FTAS,Frank Mastiaux,NED,T3,2517.47,8560000000,0,0,Utilities,CNA-2026-04-27,0,25.89,Low,1.25,0.3,0.0,0.126,0.496,87.0,67.0,-0.10022,,-0.11022,,0.01
9d5524f81a13651b,CNA,2026-05-12,^FTAS,Alessandra Pasini,NED,T3,52158.6,8560000000,0,0,Utilities,CNA-2026-04-27,0,42.67,Moderate,1.25,0.3,0.339,0.126,0.676,72.0,82.0,-0.17822,,-0.18822,,0.01
a5b53926cd3faeda,CNA,2026-05-22,^FTAS,Jonathan Howell,NED,T3,98650,8560000000,0,0,Utilities,CNA-2026-04-27,0,48.83,Moderate,1.25,0.3,0.432,0.126,0.796,62.0,92.0,,,,,0.01
9ee863822688435a,CNA,2026-05-26,^FTAS,Frank Mastiaux,NED,T3,2477.43,8560000000,0,0,Utilities,CNA-2026-04-27,0,40.46,Moderate,1.5,0.3,0.0,0.126,0.844,58.0,96.0,,,,,0.01
9c249a7aa0b88275,CNA,2026-05-26,^FTAS,Sue Whalley,NED,T3,975.84,8560000000,0,0,Utilities,CNA-2026-04-27,0,40.46,Moderate,1.5,0.3,0.0,0.126,0.844,58.0,96.0,,,,,0.01
0097dd781d6e3f79,CNS,2025-07-21,^FTAS,Chris Goulden,CFO,T1b,19999.97,57620000,1,0,Technology,CNS-2025-07-18,0,68.12,High,1.0,0.9,0.201,0.976,0.757,175.0,5.0,0.07833,0.08363,0.06833,0.07363,0.01
79e828512ee6ee1a,CNS,2025-07-22,^FTAS,Emma Rockey,Company Secretary / General Counsel,T6,7488.04,57620000,1,0,Technology,CNS-2025-07-18,0,51.34,Moderate,1.0,0.5,0.058,0.976,0.729,174.0,6.0,0.01519,0.01491,0.00519,0.00491,0.01
df062d705d8f6613,CNS,2026-02-04,^FTAS,Carl Herberger,CEO,T1a,18298.8,57620000,1,0,Technology,,0,74.46,High,1.0,1.0,0.188,0.976,0.964,48.0,23.0,-0.09858,-0.18721,-0.10858,-0.19721,0.01
b0739cbe4b610f6b,CNS,2026-05-06,^FTAS,Jeremy Nicholls,NED,T3,5289,57620000,1,0,Technology,,0,8.13,Low,0.25,0.3,0.008,0.976,0.1,230.0,43.0,-0.14174,,-0.15174,,0.01
410f44b77b41cec4,CNSL,2025-11-19,^FTAS,Carolyn Rand,NED,T3,2300,4400000,1,0,Health Care,CNSL-2025-11-18,0,32.8,Low,1.0,0.3,0.0,1.0,0.1,298.0,92.0,-0.03043,-0.22176,-0.04043,-0.23176,0.01
74290d97006082d4,CNSL,2025-11-19,^FTAS,Jeremy Millard,NED,T3,3999.99,4400000,1,0,Health Care,CNSL-2025-11-18,0,32.8,Low,1.0,0.3,0.0,1.0,0.1,298.0,92.0,-0.03043,-0.22176,-0.04043,-0.23176,0.01
ade3893532f16de1,COA,2025-09-10,^FTAS,David Paja,CEO,T1a,161743.9,1530000000,0,0,Consumer Discretionary,,0,69.51,High,1.0,1.0,0.503,0.419,0.844,58.0,112.0,-0.01286,-0.08883,-0.02286,-0.09883,0.01
e2953b55f433c6bf,COA,2025-10-20,^FTAS,David Paja,CEO,T1a,195329.95,1530000000,0,0,Consumer Discretionary,,0,85.4,Exceptional,1.5,1.0,0.531,0.419,0.1,18.0,152.0,-0.03749,0.01952,-0.04749,0.00952,0.01
b87de2eec718dff1,COIL,2025-07-07,^FTAS,Stephen West,Chair (executive),T7,36000,48010000,1,0,,COIL-2025-06-27,0,69.93,High,1.0,1.0,0.286,1.0,0.52,85.0,,0.02873,-0.07908,0.01873,-0.08908,0.01
4d1c9d2f3215bf34,COIL,2025-11-24,^FTAS,Darrin Disley,Executive Director,T2,85000,48010000,1,0,,,0,57.1,Moderate,1.0,0.7,0.41,1.0,0.1,309.0,55.0,-0.34472,-0.63717,-0.35472,-0.64717,0.01
eaf5f72a37d8284a,COR,2026-04-23,^FTAS,Richard Glass,Other / unclassified,T4,55000,982127,1,0,Energy,,0,40.21,Moderate,1.0,0.2,0.347,1.0,0.1,149.0,213.0,-0.98278,,-0.99278,,0.01
5cf984329d27db40,COST,2025-08-22,^FTAS,Kate Rock,NED,T3,13750.1,517600000,0,0,Industrials,,0,28.46,Low,1.0,0.3,0.146,0.603,0.1,200.0,,0.04759,0.15697,0.03759,0.14697,0.01
90cebdcc39afa621,COST,2025-08-28,^FTAS,Kate Rock,NED,T3,19750.5,517600000,0,0,Industrials,,0,22.52,Low,0.75,0.3,0.199,0.603,0.1,194.0,,0.02409,0.1134,0.01409,0.1034,0.01
c0d5494670261953,COST,2025-12-11,^FTAS,Fiona Macaulay,PDMR-only,T4,9964.79,517600000,0,0,Industrials,,0,53.82,Moderate,1.75,0.2,0.1,0.603,0.472,89.0,,0.09643,0.10972,0.08643,0.09972,0.01
f83e361bb9f6826c,COST,2026-04-01,^FTAS,Kate Rock,NED,T3,18220,517600000,0,0,Industrials,,0,80.29,Exceptional,1.75,0.3,0.187,0.603,1.0,43.0,22.0,0.05646,,0.04646,,0.01
10e593ee389bf0fc,COST,2026-05-05,^FTAS,Steven Mogford,NED,T3,19850.26,517600000,0,0,Industrials,,0,7.51,Low,0.25,0.3,0.2,0.603,0.1,9.0,56.0,0.06882,,0.05882,,0.01
10418cda8f8fa63c,CPX,2025-11-10,^FTAS,Dr Graham Cooley,Chair (executive),T7,5400,15360000,1,0,Technology,,0,50.24,Moderate,0.75,1.0,0.011,1.0,0.814,74.0,3.0,-0.23504,-0.34546,-0.24504,-0.35546,0.01
2d41fd9ae9659e82,CRDA,2025-07-29,^FTAS,Thomas Herman Riermeier,PDMR-only,T4,26959,4040000000,0,0,Materials,CRDA-2025-07-29,0,25.88,Low,1.25,0.2,0.244,0.254,0.1,364.0,,-0.04244,-0.02368,-0.05244,-0.03368,0.01
cc5e3cdd18f09af4,CRDA,2025-07-29,^FTAS,Stephen Richard Oxley,CFO,T1b,100483.02,4040000000,0,0,Materials,CRDA-2025-07-29,0,59.27,Moderate,1.25,0.9,0.434,0.254,0.1,364.0,,-0.04244,-0.02368,-0.05244,-0.03368,0.01
343caf0fafbee55c,CRDA,2025-07-31,^FTAS,Michelle Angela Lydon,PDMR-only,T4,9935.92,4040000000,0,0,Materials,CRDA-2025-07-29,0,24.55,Low,1.5,0.2,0.099,0.254,0.1,362.0,,-0.05578,-0.01362,-0.06578,-0.02362,0.01
919f711c5008881b,CRDA,2025-08-01,^FTAS,Danuta Gray,NED,T3,33802.95,4040000000,0,0,Materials,CRDA-2025-07-29,0,37.03,Low,1.5,0.3,0.277,0.254,0.1,361.0,,-0.0614,-0.01676,-0.0714,-0.02676,0.01
feef3e93238491a7,CRDA,2025-08-04,^FTAS,Michelle Angela Lydon,PDMR-only,T4,39777.94,4040000000,0,0,Materials,CRDA-2025-07-29,0,27.99,Low,1.25,0.2,0.3,0.254,0.1,358.0,,-0.01728,-0.01196,-0.02728,-0.02196,0.01
e22df37c87d5e8f7,CRDA,2025-08-04,^FTAS,Stephen Edward Foots,CEO,T1a,99831.37,4040000000,0,0,Materials,CRDA-2025-07-29,0,62.99,High,1.25,1.0,0.433,0.254,0.1,358.0,,-0.01728,-0.01196,-0.02728,-0.02196,0.01
4ed735b19e383d3c,CRDA,2025-08-04,^FTAS,Ian Alan Bull,NED,T3,13214.75,4040000000,0,0,Materials,CRDA-2025-07-29,0,25.76,Low,1.25,0.3,0.141,0.254,0.1,358.0,,-0.01728,-0.01196,-0.02728,-0.02196,0.01
1ab905290c0c0baa,CRDA,2025-08-07,^FTAS,Christopher Good,NED,T3,26326.52,4040000000,0,0,Materials,CRDA-2025-07-29,0,41.3,Moderate,1.75,0.3,0.24,0.254,0.1,355.0,,0.03612,-0.00211,0.02612,-0.01211,0.01
b3e72b378ecf26ad,CRDA,2025-08-22,^FTAS,Andrew Caminow,PCA,T5,13898.81,4040000000,0,0,Materials,CRDA-2025-07-29,0,83.65,Exceptional,2.0,1.0,0.148,0.254,0.1,340.0,,0.09798,-0.00419,0.08798,-0.01419,0.01
0c96fda8ece4317f,CRDA,2025-08-22,^FTAS,Mrs Jacqueline Patricia Christine Ferguson,NED,T3,9920.4,4040000000,0,0,Materials,CRDA-2025-07-29,0,38.73,Low,2.0,0.3,0.099,0.254,0.1,340.0,,0.09798,-0.00419,0.08798,-0.01419,0.01
56979d61bd163b6f,CRDA,2026-03-06,^FTAS,Danuta Gray,NED,T3,20906.97,4040000000,0,0,Materials,,0,22.6,Low,1.0,0.3,0.207,0.254,0.1,144.0,,0.06316,,0.05316,,0.01
740d523e2e8ed3c7,CRDA,2026-05-15,^FTAS,Sandra Elaine Breene,PDMR-only,T4,12171.21,4040000000,0,0,Materials,,0,40.78,Moderate,1.5,0.2,0.129,0.254,0.652,74.0,,0.06265,,0.05265,,0.01
d83cd091bc96d374,CRPR,2025-09-15,^FTAS,David Stirling,CEO,T1a,10800,34880000,1,0,Materials,,0,86.82,Exceptional,1.25,1.0,0.111,1.0,0.784,63.0,12.0,-0.07277,0.10115,-0.08277,0.09115,0.01
7e70d76fa11ca1ab,CRPR,2026-03-27,^FTAS,Martin Court,NED,T3,1360,34880000,1,0,Materials,,0,32.8,Low,1.0,0.3,0.0,1.0,0.1,18.0,130.0,0.12333,,0.11333,,0.01
e8c15751b21a2d1b,CTEC,2025-08-29,^FTAS,Jonny Mason,CEO,T1a,117405,3990000000,0,0,Health Care,,0,60.64,High,1.0,1.0,0.457,0.256,0.628,76.0,,-0.01811,-0.05891,-0.02811,-0.06891,0.01
48aa6fb0480fdf0c,CTEC,2026-05-27,^FTAS,Jonny Mason,CEO,T1a,100584.5,3990000000,0,0,Health Care,CTEC-2026-05-26,0,61.78,High,1.0,1.0,0.435,0.256,0.729,69.0,6.0,,,,,0.01
98beae2d438fc17b,CTEC,2026-05-27,^FTAS,Fiona Ryder,CFO,T1b,50003.75,3990000000,0,0,Health Care,CTEC-2026-05-26,0,55.75,Moderate,1.0,0.9,0.333,0.256,0.729,69.0,6.0,,,,,0.01
f1fd43c9e66bc46f,CURY,2026-03-30,^FTAS,Rune Bjerke,NED,T3,59245,1540000000,0,0,Consumer Discretionary,,0,45.43,Moderate,1.25,0.3,0.358,0.418,0.412,94.0,,0.03688,,0.02688,,0.01
79f63366e91577c7,CWK,2025-07-09,^FTAS,Yetunde Hofmann,NED,T3,9894.82,2940000000,0,0,Consumer Staples,,0,20.54,Low,1.0,0.3,0.099,0.308,0.1,139.0,,-0.01168,-0.14026,-0.02168,-0.15026,0.01
f3fb6c1eac9b5530,CWK,2025-09-15,^FTAS,Saskia Bottomley,PCA,T5,2967.19,2940000000,0,0,Consumer Staples,,0,49.16,Moderate,1.0,1.0,0.0,0.308,0.688,71.0,,-0.04439,-0.11754,-0.05439,-0.12754,0.01
628a0d2a56c3f71e,DATA,2025-10-01,^FTAS,Graham Lilley,CFO,T1b,9981.25,717710000,0,0,Industrials,,0,54.81,Moderate,1.25,0.9,0.1,0.547,0.1,152.0,,-0.24591,-0.35687,-0.25591,-0.36687,0.01
b0644d471a0dc118,DCTA,2025-08-04,^FTAS,Giulio Cesareo,Parser fragment,T4,2891.46,7048265,1,0,Materials,,0,57.5,Moderate,1.25,0.2,0.0,1.0,1.0,44.0,62.0,-0.00434,-0.39485,-0.01434,-0.40485,0.01
e94c2af080d738f8,DGE,2025-07-10,^FTAS,Sir John Manzoni,Chair (executive),T7,6549.25,33240000000,0,0,Consumer Staples,DGE-2025-05-12,0,35.17,Low,1.0,1.0,0.039,0.1,0.1,230.0,,0.05341,-0.14977,0.04341,-0.15977,0.01
a9aafe7320f21f94,DGE,2025-08-11,^FTAS,Sir John Manzoni,Chair (executive),T7,6567.66,33240000000,0,0,Consumer Staples,,0,61.57,High,1.75,1.0,0.039,0.1,0.1,198.0,,-0.14404,-0.23672,-0.15404,-0.24672,0.01
5052783d1a056fc5,DGE,2025-09-10,^FTAS,Sir John Manzoni,Chair (executive),T7,6551.8,33240000000,0,0,Consumer Staples,,0,43.97,Moderate,1.25,1.0,0.039,0.1,0.1,168.0,,-0.06714,-0.25468,-0.07714,-0.26468,0.01
454db2db1f221599,DGE,2025-10-10,^FTAS,Sir John Manzoni,Chair (executive),T7,6562.14,33240000000,0,0,Consumer Staples,,0,43.98,Moderate,1.25,1.0,0.039,0.1,0.1,138.0,,-0.02577,-0.14946,-0.03577,-0.15946,0.01
9af51d841d7937e4,DGE,2025-11-10,^FTAS,Sir John Manzoni,Chair (executive),T7,6567.5,33240000000,0,0,Consumer Staples,,0,47.49,Moderate,1.25,1.0,0.039,0.1,0.256,107.0,,-0.11906,-0.25106,-0.12906,-0.26106,0.01
9f9f420a1182458a,DGE,2025-12-10,^FTAS,Sir John Manzoni,Chair (executive),T7,6560,33240000000,0,0,Consumer Staples,DGE-2025-12-10,0,66.7,High,1.5,1.0,0.039,0.1,0.616,77.0,,-0.02008,-0.1512,-0.03008,-0.1612,0.01
c52c10e124c25b8c,DGE,2026-01-05,^FTAS,Dayalan Nayager,Other / unclassified,T4,464518.4,33240000000,0,0,Consumer Staples,DGE-2025-12-10,0,44.58,Moderate,1.0,0.2,0.656,0.1,0.928,51.0,,0.05731,-0.11563,0.04731,-0.12563,0.01
1f8ba7f2894cf646,DGE,2026-01-12,^FTAS,Sir John Manzoni,Chair (executive),T7,6546.53,33240000000,0,0,Consumer Staples,DGE-2025-12-10,0,38.53,Low,0.75,1.0,0.039,0.1,1.0,44.0,,0.0596,-0.07897,0.0496,-0.08897,0.01
f4ed87fef8aaddec,DGE,2026-02-10,^FTAS,Sir John Manzoni,Chair (executive),T7,6566.35,33240000000,0,0,Consumer Staples,,0,41.73,Moderate,1.25,1.0,0.039,0.1,0.0,15.0,,-0.20392,-0.16928,-0.21392,-0.17928,0.01
017c043b948e33ad,DGE,2026-03-10,^FTAS,Sir John Manzoni,Chair (executive),T7,6557.76,33240000000,0,0,Consumer Staples,,0,48.79,Moderate,1.0,1.0,0.039,0.1,0.856,57.0,13.0,-0.0392,,-0.0492,,0.01
c09cff3d44e9ecad,DGE,2026-04-10,^FTAS,Sir John Manzoni,Chair (executive),T7,6560.66,33240000000,0,0,Consumer Staples,,0,0.0,Low,0.0,1.0,0.039,0.1,0.1,26.0,44.0,0.11977,,0.10977,,0.01
c02f46cd0d4d46d8,DGE,2026-05-11,^FTAS,Sir John Manzoni,Chair (executive),T7,6566.25,33240000000,0,0,Consumer Staples,DGE-2026-05-11,0,82.27,Exceptional,1.75,1.0,0.039,0.1,0.757,87.0,5.0,0.00632,,-0.00368,,0.01
f668d9bcf0ebc30f,DIA,2025-07-03,^FTAS,Stephen Blair,CEO,T1a,361,152300000,1,0,Industrials,,0,100.0,Exceptional,2.0,1.0,0.0,0.811,0.82,60.0,9.0,-0.09959,0.19236,-0.10959,0.18236,0.01
970ddd61a2c197f0,DLN,2026-03-27,^FTAS,Paul M Williams,CEO,T1a,75822.66,1980000000,0,0,Real Estate,,0,100.0,Exceptional,1.5,1.0,0.394,0.375,0.988,46.0,,0.0881,,0.0781,,0.01
eca8b0ed1fdd3871,DNLM,2026-05-08,^FTAS,Alison Brittain,Chair (executive),T7,95462.5,1540000000,0,0,Consumer Discretionary,DNLM-2026-05-07,0,97.22,Exceptional,1.5,1.0,0.427,0.418,0.712,69.0,22.0,0.02403,,0.01403,,0.01
10cbc97cca5072e2,DNLM,2026-05-12,^FTAS,Ajay Kavan,NED,T3,29834.99,1540000000,0,0,Consumer Discretionary,DNLM-2026-05-07,0,59.44,Moderate,1.5,0.3,0.259,0.418,0.76,65.0,26.0,0.0725,,0.0625,,0.01
74a2bcf636230d81,DOCS,2025-07-28,^FTAS,Ije Nwokorie,CEO,T1a,25297.41,679530000,0,0,Consumer Discretionary,DOCS-2025-07-25,0,63.86,High,1.25,1.0,0.235,0.557,0.1,183.0,,0.08854,-0.13041,0.07854,-0.14041,0.01
b720706964ba3b04,DOCS,2025-07-28,^FTAS,Giles Wilson,CFO,T1b,54167.18,679530000,0,0,Consumer Discretionary,DOCS-2025-07-25,0,64.25,High,1.25,0.9,0.345,0.557,0.1,183.0,,0.08854,-0.13041,0.07854,-0.14041,0.01
1eda85731ec40c88,DOCS,2025-12-08,^FTAS,Robert Hanson,NED,T3,75705.6,679530000,0,0,Consumer Discretionary,,0,62.46,High,1.25,0.3,0.393,0.557,0.94,50.0,,-0.06936,-0.22573,-0.07936,-0.23573,0.01
6def374a8e3806e1,DOCS,2025-12-12,^FTAS,Robert Hanson,NED,T3,80028,679530000,0,0,Consumer Discretionary,,0,76.61,High,1.5,0.3,0.401,0.557,0.988,46.0,,-0.20217,-0.23885,-0.21217,-0.24885,0.01
99364622d78f0064,DOM,2025-08-05,^FTAS,Ian Bull,Chair (executive),T7,15936,723060000,0,0,Consumer Discretionary,DOM-2025-08-05,0,61.06,High,1.25,1.0,0.168,0.546,0.1,217.0,,-0.00845,-0.22076,-0.01845,-0.23076,0.01
44a5b772a25b60e9,DOM,2025-08-08,^FTAS,Mitesh Patel,NED,T3,79998.1,723060000,0,0,Consumer Discretionary,DOM-2025-08-05,0,52.29,Moderate,1.5,0.3,0.401,0.546,0.1,214.0,,-0.06682,-0.22615,-0.07682,-0.23615,0.01
3e48494afd25ecd1,DOM,2025-08-11,^FTAS,Robyn Perriss,NED,T3,9985.53,723060000,0,0,Consumer Discretionary,DOM-2025-08-05,0,32.28,Low,1.25,0.3,0.1,0.546,0.1,211.0,,-0.05378,-0.21287,-0.06378,-0.22287,0.01
35f11f133a0a72eb,DOM,2025-09-24,^FTAS,Ian Bull,Chair (executive),T7,9845.5,723060000,0,0,Consumer Discretionary,,0,70.14,High,1.5,1.0,0.098,0.546,0.1,167.0,,-0.10848,-0.18782,-0.11848,-0.19782,0.01
47c89667a0260123,DOM,2025-12-04,^FTAS,Ian Bull,Chair (executive),T7,34488,723060000,0,0,Consumer Discretionary,DOM-2025-12-03,0,57.39,Moderate,1.0,1.0,0.28,0.546,0.388,96.0,,-0.01105,-0.02477,-0.02105,-0.03477,0.01
3d81337999eab68c,DOM,2025-12-09,^FTAS,Nicola Frampton,CEO,T1a,49626.2,723060000,0,0,Consumer Discretionary,DOM-2025-12-03,0,75.06,High,1.25,1.0,0.332,0.546,0.448,91.0,,0.05008,0.03152,0.04008,0.02152,0.01
098d037814167c1d,DOM,2026-05-05,^FTAS,Anne Murphy,NED,T3,19681.24,723060000,0,0,Consumer Discretionary,,0,55.49,Moderate,1.5,0.3,0.198,0.546,0.557,91.0,12.0,-0.04164,,-0.05164,,0.01
7e4da14390cb43de,DOTD,2025-11-12,^FTAS,John Conoley,NED,T3,9064.9,144500000,1,0,Technology,,0,30.69,Low,0.75,0.3,0.086,0.82,0.628,76.0,,-0.02076,-0.32032,-0.03076,-0.33032,0.01
5aad51de8260255a,DOTD,2025-12-12,^FTAS,John Conoley,NED,T3,6408.98,144500000,1,0,Technology,,0,45.9,Moderate,1.0,0.3,0.036,0.82,0.988,46.0,,0.08046,-0.34391,0.07046,-0.35391,0.01
7a31776a2362f7b2,DOTD,2025-12-16,^FTAS,John Conoley,NED,T3,6546.37,144500000,1,0,Technology,,0,46.2,Moderate,1.0,0.3,0.039,0.82,1.0,42.0,,0.07646,-0.33762,0.06646,-0.34762,0.01
1da5f71ea3ccb2c3,DOTD,2026-03-12,^FTAS,John Conoley,NED,T3,5255.6,144500000,1,0,Technology,DOTD-2026-03-11,0,53.03,Moderate,1.25,0.3,0.007,0.82,0.843,158.0,2.0,-0.05478,,-0.06478,,0.01
240d8abedf6833ef,DOTD,2026-03-16,^FTAS,Tom Mullan,CFO,T1b,8992.85,144500000,1,0,Technology,DOTD-2026-03-11,0,60.7,High,1.0,0.9,0.085,0.82,0.729,154.0,6.0,-0.0267,,-0.0367,,0.01
2421c5f1da9549bd,DPLM,2025-11-19,^FTAS,Geraldine Huse,NED,T3,29977.5,9410000000,0,0,Industrials,,0,69.78,High,2.0,0.3,0.259,0.11,0.871,56.0,1.0,-0.0181,0.07167,-0.0281,0.06167,0.01
a6484abdd0f75e00,DPLM,2025-12-22,^FTAS,Wilson Ng,CFO,T1b,678245.5,9410000000,0,0,Industrials,,0,52.55,Moderate,1.0,0.9,0.711,0.11,0.1,23.0,34.0,-0.04183,0.26165,-0.05183,0.25165,0.01
1d3eac27bb9dd828,DSCV,2025-08-13,^FTAS,Simon Gibbins,CFO,T1b,33196.84,692470000,0,0,Technology,DSCV-2025-08-04,0,15.43,Low,0.25,0.9,0.274,0.554,0.796,62.0,20.0,-0.09779,-0.15063,-0.10779,-0.16063,0.01
240a9d4ee8184156,DSCV,2025-08-14,^FTAS,Clive Watson,NED,T3,2692.6,692470000,0,0,Technology,DSCV-2025-08-04,0,8.93,Low,0.25,0.3,0.0,0.554,0.808,61.0,21.0,-0.11737,-0.16258,-0.12737,-0.17258,0.01
dbeea6b03744bf0e,DSCV,2025-08-14,^FTAS,Mary Watson,PCA,T5,421.97,692470000,0,0,Technology,DSCV-2025-08-04,0,14.18,Low,0.25,1.0,0.0,0.554,0.808,61.0,21.0,-0.11737,-0.16258,-0.12737,-0.17258,0.01
ed10b44ea9007069,DSCV,2025-12-11,^FTAS,Bruce Thompson,NED,T3,90800,692470000,0,0,Technology,,0,50.04,Moderate,1.0,0.3,0.42,0.554,0.904,53.0,9.0,0.00378,0.04772,-0.00622,0.03772,0.01
dd291b6dba830218,DSCV,2026-01-29,^FTAS,Simon Gibbins,CFO,T1b,16193.83,692470000,0,0,Technology,DSCV-2026-01-26,0,34.56,Low,0.75,0.9,0.17,0.554,0.1,4.0,58.0,-0.11835,0.06846,-0.12835,0.05846,0.01
fbf40834122f3d85,DSCV,2026-02-12,^FTAS,Clive Watson,NED,T3,1280.7,692470000,0,0,Technology,DSCV-2026-01-26,0,35.07,Low,1.0,0.3,0.0,0.554,0.772,64.0,10.0,-0.08439,0.09341,-0.09439,0.08341,0.01
ecc96d8fc6c28864,DUKE,2026-01-26,^FTAS,Charlie Cannon Brookes,Other Chief,T2,219748.58,129660000,1,0,Financials,,0,100.0,Exceptional,1.75,0.7,0.548,0.838,0.1,331.0,119.0,-0.02986,-0.07224,-0.03986,-0.08224,0.01
f9f0ae77dd4c71ff,DVNO,2026-04-02,^FTAS,Douglas Noble,NED,T3,4080,19910000,1,0,Financials,DVNO-2026-04-02,0,0.0,Low,0.0,0.3,0.0,1.0,0.0,,,-0.01385,,-0.02385,,0.01
27a816676a5e4408,DVNO,2026-04-02,^FTAS,John Newlands,NED,T3,8160,19910000,1,0,Financials,DVNO-2026-04-02,0,0.0,Low,0.0,0.3,0.071,1.0,0.0,,,-0.01385,,-0.02385,,0.01
679bd541252dea8a,DVNO,2026-04-02,^FTAS,Michelle Percy,PDMR-only,T4,4972.7,19910000,1,0,Financials,DVNO-2026-04-02,0,0.0,Low,0.0,0.2,0.0,1.0,0.0,,,-0.01385,,-0.02385,,0.01
97c0f2b2915da00c,DVNO,2026-04-02,^FTAS,Ian McElroy,NED,T3,24981.02,19910000,1,0,Financials,DVNO-2026-04-02,0,0.0,Low,0.0,0.3,0.233,1.0,0.0,,,-0.01385,,-0.02385,,0.01
e05b328b840b0a92,DVNO,2026-04-02,^FTAS,Brendan O' Grady,PDMR-only,T4,10000.08,19910000,1,0,Financials,DVNO-2026-04-02,0,0.0,Low,0.0,0.2,0.1,1.0,0.0,,,-0.01385,,-0.02385,,0.01
5e1728e65c8b2fc9,EARN,2025-07-14,^FTAS,Bob Holt,NED,T3,6,9990000,1,0,Energy,,0,45.98,Moderate,1.0,0.3,0.0,1.0,0.832,59.0,17.0,-0.11742,-0.05177,-0.12742,-0.06177,0.01
4d784c100645f2cb,EBQ,2025-10-01,^FTAS,Lara Izlan,NED,T3,21.59,14940000,1,0,Communication Services,EBQ-2025-09-30,0,57.71,Moderate,1.25,0.3,0.0,1.0,0.843,113.0,2.0,-0.06112,-0.18935,-0.07112,-0.19935,0.01
f0308a567f607c78,EBQ,2025-10-03,^FTAS,Chris Sweetland,NED,T3,214.35,14940000,1,0,Communication Services,EBQ-2025-09-30,0,56.43,Moderate,1.25,0.3,0.0,1.0,0.786,111.0,4.0,0.02068,-0.124,0.01068,-0.134,0.01
a33952d4fbaa3a24,ECEL,2025-08-05,^FTAS,Angela Rushforth,NED,T3,1683.99,107910000,1,0,Industrials,ECEL-2025-08-04,0,29.93,Low,1.0,0.3,0.0,0.869,0.1,170.0,,-0.12237,-0.20356,-0.13237,-0.21356,0.01
251eabde248eb6ce,ECEL,2025-08-05,^FTAS,Iraj Amiri,NED,T3,2139.89,107910000,1,0,Industrials,ECEL-2025-08-04,0,29.93,Low,1.0,0.3,0.0,0.869,0.1,170.0,,-0.12237,-0.20356,-0.13237,-0.21356,0.01
b2c1a0b3840bcdc8,ECEL,2025-08-05,^FTAS,Alison Littley,NED,T3,2546.78,107910000,1,0,Industrials,ECEL-2025-08-04,0,29.93,Low,1.0,0.3,0.0,0.869,0.1,170.0,,-0.12237,-0.20356,-0.13237,-0.21356,0.01
d387c6d2115afa19,ECEL,2025-08-05,^FTAS,Derek Mapp,NED,T3,5409.86,107910000,1,0,Industrials,ECEL-2025-08-04,0,30.27,Low,1.0,0.3,0.011,0.869,0.1,170.0,,-0.12237,-0.20356,-0.13237,-0.21356,0.01
ede4ddd7727fcb0e,ECEL,2025-08-05,^FTAS,Will Truman,NED,T3,2635.88,107910000,1,0,Industrials,ECEL-2025-08-04,0,29.93,Low,1.0,0.3,0.0,0.869,0.1,170.0,,-0.12237,-0.20356,-0.13237,-0.21356,0.01
cf9077bf26b775fa,ECEL,2025-11-10,^FTAS,Derek Mapp,NED,T3,5452.83,107910000,1,0,Industrials,ECEL-2025-11-07,0,60.68,High,1.5,0.3,0.013,0.869,0.664,73.0,,-0.03637,-0.15272,-0.04637,-0.16272,0.01
ee78f6ef0b9dc19d,ECEL,2025-11-10,^FTAS,Alison Littley,NED,T3,2456.16,107910000,1,0,Industrials,ECEL-2025-11-07,0,60.12,High,1.5,0.3,0.0,0.869,0.664,73.0,,-0.03637,-0.15272,-0.04637,-0.16272,0.01
bb5e669b2f43f0ac,ECEL,2025-11-10,^FTAS,Iraj Amiri,NED,T3,2156.88,107910000,1,0,Industrials,ECEL-2025-11-07,0,60.12,High,1.5,0.3,0.0,0.869,0.664,73.0,,-0.03637,-0.15272,-0.04637,-0.16272,0.01
437f6a8b5a37e1b1,ECEL,2025-11-10,^FTAS,Will Truman,NED,T3,2285.88,107910000,1,0,Industrials,ECEL-2025-11-07,0,60.12,High,1.5,0.3,0.0,0.869,0.664,73.0,,-0.03637,-0.15272,-0.04637,-0.16272,0.01
ac3f29d453cb26d5,ECEL,2025-11-10,^FTAS,Angela Rushforth,NED,T3,1527.36,107910000,1,0,Industrials,ECEL-2025-11-07,0,60.12,High,1.5,0.3,0.0,0.869,0.664,73.0,,-0.03637,-0.15272,-0.04637,-0.16272,0.01
4108b27857e4d509,ECEL,2025-11-11,^FTAS,Karen Mapp,PCA,T5,64000,107910000,1,0,Industrials,ECEL-2025-11-07,0,100.0,Exceptional,1.5,1.0,0.369,0.869,0.676,72.0,,0.00358,-0.1636,-0.00642,-0.1736,0.01
9f6bc138892c808a,ECEL,2026-02-03,^FTAS,Iraj Amiri,NED,T3,2140.16,107910000,1,0,Industrials,ECEL-2026-02-02,0,46.13,Moderate,1.0,0.3,0.0,0.869,1.0,44.0,12.0,-0.13081,-0.17467,-0.14081,-0.18467,0.01
bf415406cb45126e,ECEL,2026-02-03,^FTAS,Angela Rushforth,NED,T3,1515.52,107910000,1,0,Industrials,ECEL-2026-02-02,0,46.13,Moderate,1.0,0.3,0.0,0.869,1.0,44.0,12.0,-0.13081,-0.17467,-0.14081,-0.18467,0.01
1b39b993e4c087cb,ECEL,2026-02-03,^FTAS,Alison Littley,NED,T3,2744.32,107910000,1,0,Industrials,ECEL-2026-02-02,0,46.13,Moderate,1.0,0.3,0.0,0.869,1.0,44.0,12.0,-0.13081,-0.17467,-0.14081,-0.18467,0.01
7744941fe944f11e,ECEL,2026-02-03,^FTAS,Derek Mapp,NED,T3,5410.56,107910000,1,0,Industrials,ECEL-2026-02-02,0,46.47,Moderate,1.0,0.3,0.011,0.869,1.0,44.0,12.0,-0.13081,-0.17467,-0.14081,-0.18467,0.01
76db21dadd67d242,ECEL,2026-03-19,^FTAS,Derek Mapp,NED,T3,19875.57,107910000,1,0,Industrials,ECEL-2026-03-19,0,74.61,High,1.5,0.3,0.2,0.869,0.868,56.0,56.0,-0.08273,,-0.09273,,0.01
3b5e8d8a17bbe862,ECEL,2026-03-23,^FTAS,Will Truman,CEO,T1a,27706.47,107910000,1,0,Industrials,ECEL-2026-03-19,0,100.0,Exceptional,2.0,1.0,0.248,0.869,0.916,52.0,4.0,-0.03809,,-0.04809,,0.01
8c6dbd9c85ef28b5,ECEL,2026-05-18,^FTAS,William Truman,CEO,T1a,46718.34,107910000,1,0,Industrials,ECEL-2026-05-18,0,72.97,High,1.0,1.0,0.324,0.869,0.786,305.0,4.0,0.03204,,0.02204,,0.01
269375fc26ae8aa1,ECEL,2026-05-18,^FTAS,Nicola Vitale,PCA,T5,21013.2,107910000,1,0,Industrials,ECEL-2026-05-18,0,69.5,High,1.0,1.0,0.208,0.869,0.786,305.0,4.0,0.03204,,0.02204,,0.01
4cfe8e23c6d7a18d,EEE,2025-09-12,^FTAS,Gregory Kuenzel,CFO,T1b,49990.95,252250000,1,0,Materials,EEE-2025-09-12,0,81.3,Exceptional,1.25,0.9,0.333,0.725,0.671,192.0,8.0,-0.22687,-0.18286,-0.23687,-0.19286,0.01
34b94ef51d4871dd,EEE,2025-09-17,^FTAS,Shaun Bunn,Executive Director,T2,14600,252250000,1,0,Materials,EEE-2025-09-12,0,63.9,High,1.25,0.7,0.155,0.725,0.529,187.0,13.0,-0.15939,-0.01482,-0.16939,-0.02482,0.01
38b58d50fd7f9c0e,ELIX,2025-09-25,^FTAS,Victoria Willott,PCA,T5,2524.26,348910000,1,0,Industrials,,0,89.1,Exceptional,1.5,1.0,0.0,0.67,0.814,119.0,3.0,-0.04648,-0.16904,-0.05648,-0.17904,0.01
0350df71f17c4305,ELM,2025-08-01,^FTAS,Trudy Schoolenberg,NED,T3,51660,854330000,0,0,Materials,,0,48.5,Moderate,1.5,0.3,0.338,0.518,0.1,173.0,,-0.06521,-0.09075,-0.07521,-0.10075,0.01
d02be172da7a427b,ELM,2025-11-21,^FTAS,Luc van Ravenstein,CEO,T1a,26218.6,854330000,0,0,Materials,,0,94.7,Exceptional,1.5,1.0,0.24,0.518,0.808,61.0,,0.04555,-0.09229,0.03555,-0.10229,0.01
7676138400b0699e,ELM,2026-03-11,^FTAS,Kath Kearney-Croft,CFO,T1b,50000.26,854330000,0,0,Materials,,0,65.53,High,1.0,0.9,0.333,0.518,0.952,49.0,6.0,-0.0083,,-0.0183,,0.01
12b1d46f9b557485,EMAN,2026-02-17,^FTAS,Mr Philip Jacobson,NED,T3,4250.75,33820000,1,0,Communication Services,EMAN-2026-02-13,0,54.5,Moderate,1.25,0.3,0.0,1.0,0.7,70.0,21.0,0.44594,0.99265,0.43594,0.98265,0.01
cfc2d1b74ac91a9e,EMAN,2026-02-19,^FTAS,Mr Michael Rosehill,NED,T3,29036.91,33820000,1,0,Communication Services,EMAN-2026-02-13,0,64.59,High,1.25,0.3,0.255,1.0,0.724,68.0,23.0,0.43372,1.0052,0.42372,0.9952,0.01
2a017ccc9c599fac,EMAN,2026-03-06,^FTAS,Adam Kaye,Executive Director,T2,49000,33820000,1,0,Communication Services,EMAN-2026-02-13,0,100.0,Exceptional,1.5,0.7,0.33,1.0,0.904,53.0,38.0,0.33239,,0.32239,,0.01
60a6b9df81dc0e90,EMAN,2026-04-01,^FTAS,Mr Charles Dorfman,Executive Director,T2,24400,33820000,1,0,Communication Services,EMAN-2026-02-13,0,77.53,High,1.5,0.7,0.229,1.0,0.1,27.0,64.0,-0.0197,,-0.0297,,0.01
b513a8197eb55330,EMAN,2026-05-05,^FTAS,Charles Dorfman,PDMR-only,T4,47520,33820000,1,0,Communication Services,EMAN-2026-05-01,0,50.38,Moderate,1.0,0.2,0.326,1.0,0.7,142.0,7.0,0.04719,,0.03719,,0.01
13b5a909364b8cb3,EMAN,2026-05-05,^FTAS,Sheree Manning,CFO,T1b,9999.95,33820000,1,0,Communication Services,EMAN-2026-05-01,0,64.61,High,1.0,0.9,0.1,1.0,0.7,142.0,7.0,0.04719,,0.03719,,0.01
5c53998913be6d71,EMAN,2026-05-21,^FTAS,Charles Dorfman,PDMR-only,T4,42572.81,33820000,1,0,Communication Services,EMAN-2026-05-01,0,68.43,High,1.75,0.2,0.31,1.0,0.1,126.0,23.0,,,,,0.01
5c32676a8d7dda2e,EMG,2025-09-23,^FTAS,Laurie Fitch,NED,T3,5.33,3240000000,0,0,Financials,EMG-2025-09-19,0,4.3,Low,0.25,0.3,0.0,0.291,0.1,212.0,,0.12607,0.36431,0.11607,0.35431,0.01
62c64c5870d78041,EMG,2025-09-24,^FTAS,Dixit Joshi,NED,T3,3734.79,3240000000,0,0,Financials,EMG-2025-09-19,0,4.3,Low,0.25,0.3,0.0,0.291,0.1,211.0,,0.10802,0.35352,0.09802,0.34352,0.01
4c7bd82524048144,ENQ,2025-10-07,^FTAS,Michael Borrell,PDMR-only,T4,148.01,360310000,1,0,Energy,,0,37.67,Low,1.25,0.2,0.0,0.665,0.529,351.0,13.0,0.03964,0.26829,0.02964,0.25829,0.01
1262fa5341446e8e,ENRG,2025-09-12,^FTAS,Patrick Firth,PDMR-only,T4,8446.44,288940000,1,0,Financials,,0,25.52,Low,1.0,0.2,0.076,0.702,0.1,188.0,162.0,-0.05358,-0.12582,-0.06358,-0.13582,0.01
3d4c3f874192f050,EOG,2025-08-05,^FTAS,William Holland,CEO,T1a,5434.32,18750000,1,0,Energy,EOG-2025-08-05,0,70.36,High,1.0,1.0,0.012,1.0,1.0,41.0,138.0,-0.00468,1.95118,-0.01468,1.94118,0.01
1a27c514b3f3572a,EOG,2025-08-05,^FTAS,Bo Peter Hoagh Kroll,NED,T3,31200,18750000,1,0,Energy,EOG-2025-08-05,0,56.95,Moderate,1.0,0.3,0.265,1.0,1.0,41.0,138.0,-0.00468,1.95118,-0.01468,1.94118,0.01
2085562d19db1a02,EOG,2026-02-12,^FTAS,William Holland,CEO,T1a,10858.55,18750000,1,0,Energy,,0,60.62,High,1.0,1.0,0.112,1.0,0.292,104.0,150.0,-0.17549,0.00338,-0.18549,-0.00662,0.01
c510faaf4de7ca53,EVPL,2026-02-10,^FTAS,Mr Frank Sagnier,Chair (executive),T7,27.09,363120000,1,0,Communication Services,,0,63.13,High,1.25,1.0,0.0,0.663,0.329,15.0,20.0,-0.18705,-0.23115,-0.19705,-0.24115,0.01
9c7cd9358c394cb9,EVPL,2026-03-26,^FTAS,Mr Mikkel Weider,CEO,T1a,58.5,363120000,1,0,Communication Services,,0,74.7,High,1.25,1.0,0.0,0.663,0.843,159.0,2.0,0.20372,,0.19372,,0.01
2bc5b685b53cc869,EYE,2025-07-15,^FTAS,Tim Mason,CEO,T1a,37030,145070000,1,0,Technology,,0,87.77,Exceptional,1.5,1.0,0.29,0.819,0.1,189.0,,-0.05401,0.22821,-0.06401,0.21821,0.01
303dccb10341aa90,EYE,2026-04-24,^FTAS,Anne de Kerckhove,Chair (executive),T7,14997.83,145070000,1,0,Technology,,0,0.0,Low,0.0,1.0,0.159,0.819,0.1,327.0,38.0,0.1996,,0.1896,,0.01
55e7d68471922db0,FAN,2025-11-12,^FTAS,Celia Baxter,NED,T3,23369.45,1200000000,0,0,Industrials,,0,41.43,Moderate,1.5,0.3,0.223,0.46,0.1,28.0,34.0,0.0168,-0.08784,0.0068,-0.09784,0.01
f7efe11e64264449,FDM,2025-07-31,^FTAS,Jonathan Mark Heather,Company Secretary / General Counsel,T6,9901.7,115470000,1,0,Technology,,0,31.73,Low,0.75,0.5,0.099,0.858,0.304,103.0,,0.00087,0.09374,-0.00913,0.08374,0.01
1f4616967cfc028a,FEVR,2025-10-20,^FTSC,Kevin Havelock,NED,T3,138.88,855690000,0,1,Consumer Staples,,0,22.19,Low,1.0,0.3,0.0,0.518,0.1,155.0,,-0.07609,-0.00495,-0.08109,-0.00995,0.005
35bd638996e6569b,FGP,2025-11-19,^FTAS,Graham Sutherland,CEO,T1a,89300,922230000,0,0,Industrials,FGP-2025-11-19,0,100.0,Exceptional,2.0,1.0,0.417,0.505,0.871,127.0,1.0,0.01648,-0.10928,0.00648,-0.11928,0.01
ddcef8694f98b491,FGP,2025-11-19,^FTAS,Lena Wilson,Chair (executive),T7,19635,922230000,0,0,Industrials,FGP-2025-11-19,0,100.0,Exceptional,2.0,1.0,0.198,0.505,0.871,127.0,1.0,0.01648,-0.10928,0.00648,-0.11928,0.01
35ca3954f18c1996,FGP,2026-03-18,^FTAS,Lena Wilson,Chair (executive),T7,10264.43,922230000,0,0,Industrials,FGP-2026-03-18,0,69.05,High,1.5,1.0,0.104,0.505,0.1,8.0,120.0,-0.07247,,-0.08247,,0.01
f61626ae156aec3b,FGP,2026-03-18,^FTAS,Graham Sutherland,CEO,T1a,49641.1,922230000,0,0,Industrials,FGP-2026-03-18,0,79.31,High,1.5,1.0,0.332,0.505,0.1,8.0,120.0,-0.07247,,-0.08247,,0.01
dd74dbdb35260bce,FIN,2025-08-05,^FTAS,Judy Happe,CFO,T1b,2675,6160000,1,0,Technology,FIN-2025-08-04,0,33.5,Low,0.5,0.9,0.0,1.0,1.0,36.0,27.0,-0.34585,-0.51941,-0.35585,-0.52941,0.01
2bca0e927c10b9cf,FIN,2025-08-05,^FTAS,James Hickman,CEO,T1a,5148,6160000,1,0,Technology,FIN-2025-08-04,0,35.06,Low,0.5,1.0,0.004,1.0,1.0,36.0,27.0,-0.34585,-0.51941,-0.35585,-0.52941,0.01
1c82be3469029d10,FIN,2025-08-05,^FTAS,Simon Bullock,NED,T3,6687.5,6160000,1,0,Technology,FIN-2025-08-04,0,25.13,Low,0.5,0.3,0.042,1.0,1.0,36.0,27.0,-0.34585,-0.51941,-0.35585,-0.52941,0.01
2e48fac3226f88e2,FIN,2025-08-14,^FTAS,William Newton,Other Chief,T2,19968.55,6160000,1,0,Technology,FIN-2025-08-04,0,12.7,Low,0.25,0.7,0.2,1.0,0.1,27.0,36.0,-0.31176,-0.45989,-0.32176,-0.46989,0.01
93ec019393d61655,FLTR,2026-05-14,^FTAS,Carolan Lennon,PCA,T5,35434.32,13050000000,0,0,Consumer Discretionary,,0,86.87,Exceptional,1.75,1.0,0.283,0.1,0.0,,,0.02849,,0.01849,,0.01
abc6a0ac3985e829,FOXT,2025-10-20,^FTAS,Peter Rollings,PDMR-only,T4,423.03,133360000,1,0,Real Estate,FOXT-2025-10-14,0,41.58,Moderate,1.25,0.2,0.0,0.833,0.496,87.0,,0.0078,-0.24928,-0.0022,-0.25928,0.01
022d5322de02175f,FOXT,2025-10-22,^FTAS,Annette Andrews,PDMR-only,T4,102.47,133360000,1,0,Real Estate,FOXT-2025-10-14,0,42.12,Moderate,1.25,0.2,0.0,0.833,0.52,85.0,,0.04331,-0.25461,0.03331,-0.26461,0.01
7bf1e88454b8cae0,FOXT,2025-10-24,^FTAS,Nigel Rich,PDMR-only,T4,54500,133360000,1,0,Real Estate,FOXT-2025-10-14,0,55.63,Moderate,1.25,0.2,0.346,0.833,0.544,83.0,,0.09696,-0.24543,0.08696,-0.25543,0.01
94e55831eab34a1e,FOXT,2025-10-27,^FTAS,Nigel Rich,PDMR-only,T4,27500,133360000,1,0,Real Estate,FOXT-2025-10-14,0,52.72,Moderate,1.25,0.2,0.247,0.833,0.58,80.0,,0.07325,-0.21627,0.06325,-0.22627,0.01
91dad2cf26f0f44d,FOXT,2026-03-06,^FTAS,John,PDMR-only,T4,34177.5,133360000,1,0,Real Estate,,0,75.05,High,1.5,0.2,0.278,0.833,0.964,48.0,1.0,-0.10845,,-0.11845,,0.01
7ec93dbae3b5f786,FPP,2025-08-13,^FTAS,Nicholas Gregory,NED,T3,5988.05,1030000,1,0,Financials,,0,41.3,Moderate,1.0,0.3,0.026,1.0,0.529,140.0,13.0,-0.25771,-0.17928,-0.26771,-0.18928,0.01
553cb167be71e5c3,FRAS,2025-10-17,^FTAS,Andy Lyon,NED,T3,105615,3210000000,0,0,Consumer Discretionary,,0,45.74,Moderate,1.5,0.3,0.442,0.293,0.1,272.0,,0.06766,-0.13158,0.05766,-0.14158,0.01
02213949eb4d7a51,FUTR,2026-02-13,^FTAS,Angela Seymour-Jackson,NED,T3,72.19,284850000,1,0,Communication Services,,0,63.42,High,1.5,0.3,0.0,0.704,0.988,46.0,,0.00303,-0.28934,-0.00697,-0.29934,0.01
5f3521c2fe7dd21e,FUTR,2026-02-13,^FTAS,Angela Seymour-Jackson,NED,T3,535.9,284850000,1,0,Communication Services,FUTR-2026-02-04,0,63.42,High,1.5,0.3,0.0,0.704,0.988,46.0,,0.00303,-0.28934,-0.00697,-0.29934,0.01
b01a6e383c3a76b7,FUTR,2026-02-13,^FTAS,Angela Seymour-Jackson,NED,T3,105.57,284850000,1,0,Communication Services,,0,63.42,High,1.5,0.3,0.0,0.704,0.988,46.0,,0.00303,-0.28934,-0.00697,-0.29934,0.01
e0ce7eb7272a234e,FVA,2025-07-23,^FTAS,Tim Jones,NED,T3,147,68360000,1,0,Consumer Staples,FVA-2025-07-21,0,44.16,Moderate,1.0,0.3,0.0,0.947,0.796,62.0,,-0.072,-0.15506,-0.082,-0.16506,0.01
9f99f222b7e91177,FVA,2025-08-11,^FTAS,Tim Jones,NED,T3,49759.5,68360000,1,0,Consumer Staples,FVA-2025-07-21,0,100.0,Exceptional,1.75,0.3,0.333,0.947,1.0,43.0,,0.04909,-0.0898,0.03909,-0.0998,0.01
85f277ab174f6e38,FVA,2025-08-19,^FTAS,Gavin Manson,CFO,T1b,31117.11,68360000,1,0,Consumer Staples,FVA-2025-07-21,0,100.0,Exceptional,2.0,0.9,0.265,0.947,1.0,35.0,,-0.09732,-0.16827,-0.10732,-0.17827,0.01
3b08c82185a35d90,FVA,2025-08-21,^FTAS,Paula Robertson,Company Secretary / General Counsel,T6,2479.08,68360000,1,0,Consumer Staples,FVA-2025-07-21,0,100.0,Exceptional,2.0,0.5,0.0,0.947,1.0,33.0,,-0.10148,-0.14928,-0.11148,-0.15928,0.01
48badb18059d0b9c,FVA,2025-09-08,^FTAS,Tim Jones,NED,T3,29838.2,68360000,1,0,Consumer Staples,FVA-2025-07-21,0,37.59,Low,1.0,0.3,0.259,0.947,0.0,15.0,,-0.06607,-0.11678,-0.07607,-0.12678,0.01
9528c68e88b6bb69,FVA,2025-12-23,^FTAS,Hayley Rasmussen Hoopes,PCA,T5,19913.74,68360000,1,0,Consumer Staples,,0,82.93,Exceptional,1.25,1.0,0.2,0.947,0.529,100.0,13.0,-0.0379,0.02073,-0.0479,0.01073,0.01
2cb8a4690f1df69c,FVEN,2026-04-02,^FTAS,Stella Panu,NED,T3,0,,0,0,,,0,24.39,Low,1.0,0.3,0.0,0.5,0.0,,,-0.00095,,-0.01095,,0.01
635766bcb49fa053,FXPO,2026-03-02,^FTAS,Nikolay Kladiev,NED,T3,2545.79,168160000,1,0,Materials,FXPO-2026-02-27,0,55.58,Moderate,1.25,0.3,0.0,0.794,1.0,30.0,208.0,-0.25981,,-0.26981,,0.01
42e955c86cb2697b,FXPO,2026-03-02,^FTAS,Yaroslavna Blonska,Other / unclassified,T4,1209.9,168160000,1,0,Materials,FXPO-2026-02-27,0,51.83,Moderate,1.25,0.2,0.0,0.794,1.0,30.0,208.0,-0.25981,,-0.26981,,0.01
b183e2b8d1b21d49,GAMA,2025-11-18,^FTAS,Martin Hellawell,NED,T3,944,851640000,0,0,Communication Services,,0,22.2,Low,1.0,0.3,0.0,0.518,0.1,293.0,,-0.05748,-0.27643,-0.06748,-0.28643,0.01
f5da40c11493305e,GAW,2025-11-25,^FTAS,Kevin Rountree,CEO,T1a,33856,6270000000,0,0,Consumer Discretionary,,0,41.91,Moderate,0.75,1.0,0.277,0.179,0.757,178.0,5.0,-0.09041,-0.13937,-0.10041,-0.14937,0.01
154e6fc63607afff,GAW,2026-04-02,^FTAS,Kevin Rountree,CEO,T1a,4842.45,6270000000,0,0,Consumer Discretionary,,0,76.3,High,1.5,1.0,0.0,0.179,0.94,50.0,133.0,0.1147,,0.1047,,0.01
9cb401cfdbdd0943,GEN,2025-11-18,^FTAS,Dina Dasani,PCA,T5,31257.78,636520000,0,0,Industrials,GEN-2025-11-17,0,100.0,Exceptional,2.0,1.0,0.265,0.568,0.196,112.0,,0.05317,-0.07778,0.04317,-0.08778,0.01
3c4ff05903427db1,GEN,2025-11-18,^FTAS,Kevin Boyd,Chair (executive),T7,62348.68,636520000,0,0,Industrials,GEN-2025-11-17,0,100.0,Exceptional,2.0,1.0,0.365,0.568,0.196,112.0,,0.05317,-0.07778,0.04317,-0.08778,0.01
7e73329d54dff817,GEN,2025-11-18,^FTAS,Martin Gisbourne,Other Chief,T2,9006.78,636520000,0,0,Industrials,GEN-2025-11-17,0,79.15,High,2.0,0.7,0.085,0.568,0.196,112.0,,0.05317,-0.07778,0.04317,-0.08778,0.01
95cec78def46002e,GEN,2025-11-18,^FTAS,Tim Pullen,CFO,T1b,7036.85,636520000,0,0,Industrials,GEN-2025-11-17,0,89.01,Exceptional,2.0,0.9,0.049,0.568,0.196,112.0,,0.05317,-0.07778,0.04317,-0.08778,0.01
dd71d05edbe0798e,GEN,2025-11-18,^FTAS,Joe Vorih,CEO,T1a,9240,636520000,0,0,Industrials,GEN-2025-11-17,0,97.38,Exceptional,2.0,1.0,0.089,0.568,0.196,112.0,,0.05317,-0.07778,0.04317,-0.08778,0.01
4e8900a6daef5b03,GEN,2026-03-20,^FTAS,Joe Vorih,CEO,T1a,42215.85,636520000,0,0,Industrials,GEN-2026-03-19,0,100.0,Exceptional,2.0,1.0,0.309,0.568,0.784,63.0,10.0,-0.14757,,-0.15757,,0.01
4b9537385c0c87c0,GEN,2026-03-20,^FTAS,Tim Pullen,CFO,T1b,4507.84,636520000,0,0,Industrials,GEN-2026-03-19,0,100.0,Exceptional,2.0,0.9,0.0,0.568,0.784,63.0,10.0,-0.14757,,-0.15757,,0.01
5274b6f83cbc584f,GEN,2026-04-01,^FTAS,Martin Gisbourne,Other Chief,T2,11382.42,636520000,0,0,Industrials,GEN-2026-03-19,0,94.1,Exceptional,1.75,0.7,0.119,0.568,0.928,51.0,22.0,-0.13523,,-0.14523,,0.01
b121bc074945775c,GEN,2026-05-27,^FTAS,Tim Pullen,CFO,T1b,10365.98,636520000,0,0,Industrials,GEN-2026-05-26,0,100.0,Exceptional,2.0,0.9,0.106,0.568,0.757,76.0,5.0,,,,,0.01
94043fef837afde3,GEN,2026-05-27,^FTAS,Britta Giesen,NED,T3,16354.8,636520000,0,0,Industrials,GEN-2026-05-26,0,80.54,Exceptional,2.0,0.3,0.172,0.568,0.757,76.0,5.0,,,,,0.01
086e9501f8c58b81,GETB,2025-09-12,^FTAS,Paul Haworth,CFO,T1b,6100,36240000,1,0,Technology,GETB-2025-09-09,0,16.13,Low,0.25,0.9,0.029,1.0,0.814,131.0,3.0,0.24188,0.24683,0.23188,0.23683,0.01
442a940094f797a5,GETB,2025-09-22,^FTAS,Clive Rabie,NED,T3,99750,36240000,1,0,Technology,GETB-2025-09-09,0,40.14,Moderate,0.75,0.3,0.433,1.0,0.529,121.0,13.0,0.06928,0.08,0.05928,0.07,0.01
4cbebba4efb553ec,GETB,2025-09-29,^FTAS,Daniel Rabie,CEO,T1a,70000,36240000,1,0,Technology,GETB-2025-09-09,0,34.69,Low,0.5,1.0,0.382,1.0,0.329,114.0,20.0,0.04585,-0.01713,0.03585,-0.02713,0.01
e4fe692ba20aa47d,GETB,2025-10-03,^FTAS,Daniel Rabie,CEO,T1a,317606.5,36240000,1,0,Technology,GETB-2025-09-09,0,55.49,Moderate,0.75,1.0,0.601,1.0,0.22,110.0,24.0,-0.02996,-0.12339,-0.03996,-0.13339,0.01
2aaf68faa3cecd6f,GETB,2025-10-03,^FTAS,Clive Rabie,NED,T3,1322393.5,36240000,1,0,Technology,GETB-2025-09-09,0,44.39,Moderate,0.75,0.3,0.807,1.0,0.22,110.0,24.0,-0.02996,-0.12339,-0.03996,-0.13339,0.01
93f9faaccbecd996,GETB,2025-10-06,^FTAS,Daniel Rabie,CEO,T1a,64372.81,36240000,1,0,Technology,GETB-2025-09-09,0,67.71,High,1.0,1.0,0.37,1.0,0.256,107.0,27.0,-0.08818,-0.20679,-0.09818,-0.21679,0.01
063d50569cf29ac3,GETB,2025-10-13,^FTAS,Clive Rabie,NED,T3,498000,36240000,1,0,Technology,GETB-2025-09-09,0,57.1,Moderate,1.0,0.3,0.666,1.0,0.34,100.0,34.0,-0.14869,-0.24427,-0.15869,-0.25427,0.01
f2f4a14d4e38483b,GETB,2025-10-13,^FTAS,Daniel Rabie,CEO,T1a,140630,36240000,1,0,Technology,GETB-2025-09-09,0,72.61,High,1.0,1.0,0.483,1.0,0.34,100.0,34.0,-0.14869,-0.24427,-0.15869,-0.25427,0.01
5843d86ed37495c2,GETB,2025-12-01,^FTAS,Clive Rabie,NED,T3,191700,36240000,1,0,Technology,,0,63.54,High,1.0,0.3,0.528,1.0,0.928,51.0,83.0,0.16682,-0.05353,0.15682,-0.06353,0.01
dc3a1c8b5ce839e3,GETB,2026-03-25,^FTAS,Paul Huberman,NED,T3,14250,36240000,1,0,Technology,,0,13.17,Low,0.25,0.3,0.152,1.0,0.952,49.0,63.0,0.08716,,0.07716,,0.01
e50346ef8d7bad22,GFTU,2026-04-09,^FTAS,Susan Lannigan,Company Secretary / General Counsel,T6,10818.86,1637891072,0,0,Industrials,GFTU-2026-04-08,0,67.97,High,1.5,0.5,0.112,0.407,1.0,36.0,,-0.09298,,-0.10298,,0.01
029ec29bb038e01f,GFTU,2026-04-09,^FTAS,Eric Born,CEO,T1a,10818.86,1637891072,0,0,Industrials,GFTU-2026-04-08,0,90.47,Exceptional,1.5,1.0,0.112,0.407,1.0,36.0,,-0.09298,,-0.10298,,0.01
03b848b79aecada1,GFTU,2026-04-09,^FTAS,Stephen Hunter,PDMR-only,T4,10818.86,1637891072,0,0,Industrials,GFTU-2026-04-08,0,54.47,Moderate,1.5,0.2,0.112,0.407,1.0,36.0,,-0.09298,,-0.10298,,0.01
0499885621ce8cb0,GHH,2025-12-02,^FTAS,Louise Evans,NED,T3,10.46,261660000,1,0,Technology,,0,37.42,Low,1.0,0.3,0.0,0.719,0.7,87.0,7.0,0.02085,0.37568,0.01085,0.36568,0.01
d175fbfc79c80901,GMS,2025-09-25,^FTAS,Mansour Al Alami,Chair (executive),T7,20407.8,215920000,1,0,Energy,,0,54.44,Moderate,1.0,1.0,0.204,0.752,0.1,561.0,169.0,-0.02993,0.28288,-0.03993,0.27288,0.01
7b5dfbac00cdbdad,GNC,2025-11-19,^FTAS,Leslie van de Walle And Domitille Marie Ren,PCA,T5,44.88,1520000000,0,0,Consumer Staples,,0,64.53,High,1.25,1.0,0.0,0.42,0.688,71.0,,-0.01861,-0.02094,-0.02861,-0.03094,0.01
75e9ed5f4da81934,GNC,2026-03-26,^FTAS,Leslie van de Walle And Domitille Marie Ren,PCA,T5,62.66,1520000000,0,0,Consumer Staples,,0,0.0,Low,0.0,1.0,0.0,0.42,0.796,62.0,56.0,-0.09277,,-0.10277,,0.01
78eec07c3f426389,GNC,2026-05-27,^FTAS,Leslie van de Walle And Domitille Marie Ren,PCA,T5,61.24,1520000000,0,0,Consumer Staples,GNC-2026-05-27,0,100.0,Exceptional,2.0,1.0,0.0,0.42,0.868,56.0,118.0,,,,,0.01
eb1f1217aadca8d3,GNS,2025-09-24,^FTAS,Mark Birri,Other Chief,T2,16450,1510000000,0,0,Health Care,,0,51.06,Moderate,1.0,0.7,0.172,0.421,0.868,56.0,20.0,0.00358,0.15406,-0.00642,0.14406,0.01
05e53dd135bba677,GNS,2026-02-27,^FTAS,Celia Baxter,NED,T3,49988.71,1510000000,0,0,Health Care,,0,43.95,Moderate,1.0,0.3,0.333,0.421,0.871,195.0,1.0,-0.04831,,-0.05831,,0.01
2b31f8e652cc9c12,GPE,2026-03-02,^FTAS,Peter Duffy,NED,T3,68400.09,1220000000,0,0,Real Estate,GPE-2026-03-02,0,40.28,Moderate,1.25,0.3,0.379,0.457,0.1,262.0,,-0.02524,,-0.03524,,0.01
439523c091c0e184,GPE,2026-03-02,^FTAS,Peter Duffy,NED,T3,118.65,1220000000,0,0,Real Estate,GPE-2026-03-02,0,26.08,Low,1.25,0.3,0.0,0.457,0.1,262.0,,-0.02524,,-0.03524,,0.01
a565095c05864dfd,GRI,2025-07-30,^FTAS,Helen Gordon,CEO,T1a,581.67,1110000000,0,0,Real Estate,,0,79.2,High,1.5,1.0,0.0,0.473,0.688,71.0,,-0.09525,-0.15462,-0.10525,-0.16462,0.01
301d5f913a1803c5,GRI,2025-10-08,^FTAS,Michael Keaveney,Executive Director,T2,14878.9,1110000000,0,0,Real Estate,GRI-2025-10-06,0,36.15,Low,1.0,0.7,0.158,0.473,0.0,1.0,,0.01046,-0.0795,0.00046,-0.0895,0.01
41acfafce601a14e,GRI,2025-10-16,^FTAS,Caroline Keaveney,PCA,T5,173266.78,1110000000,0,0,Real Estate,GRI-2025-10-06,0,85.52,Exceptional,1.25,1.0,0.513,0.473,0.7,111.0,7.0,-0.0725,-0.16174,-0.0825,-0.17174,0.01
248bad828f683c6c,GRI,2025-11-24,^FTAS,Simon Fraser,NED,T3,27450,1110000000,0,0,Real Estate,GRI-2025-11-15,0,48.72,Moderate,1.25,0.3,0.247,0.473,0.676,72.0,46.0,0.02361,-0.18066,0.01361,-0.19066,0.01
1f10e39fecb68c2a,GRI,2025-12-01,^FTAS,Michael Brodtman,NED,T3,29999.94,1110000000,0,0,Real Estate,GRI-2025-11-15,0,51.1,Moderate,1.25,0.3,0.259,0.473,0.76,65.0,53.0,0.00808,-0.15784,-0.00192,-0.16784,0.01
2bf9cb857ad9bef8,GRI,2025-12-19,^FTAS,Caroline Keaveney,PCA,T5,49585.9,1110000000,0,0,Real Estate,GRI-2025-11-15,0,67.95,High,1.0,1.0,0.332,0.473,0.976,47.0,71.0,0.03964,-0.16233,0.02964,-0.17233,0.01
c89a35515ef27db3,GRI,2026-03-04,^FTAS,Michael Brodtman,NED,T3,1942.42,1110000000,0,0,Real Estate,GRI-2026-02-27,0,47.7,Moderate,1.5,0.3,0.0,0.473,0.688,71.0,28.0,-0.04199,,-0.05199,,0.01
fb127df6d84cac3d,GRI,2026-03-27,^FTAS,Simon Fraser,NED,T3,31980,1110000000,0,0,Real Estate,GRI-2026-02-27,0,67.24,High,1.5,0.3,0.269,0.473,0.964,48.0,51.0,-0.06421,,-0.07421,,0.01
41a488e1b9cdeb5c,GRI,2026-05-19,^FTAS,Caroline Keaveney,PCA,T5,19883.19,1110000000,0,0,Real Estate,,0,75.05,High,1.25,1.0,0.2,0.473,0.757,184.0,5.0,0.09279,,0.08279,,0.01
0e659b1cb3d69f12,GSF,2025-12-18,^FTAS,Angus Gordon Lennox,NED,T3,59459.51,275280000,1,0,Financials,,0,25.02,Low,0.5,0.3,0.358,0.71,0.814,210.0,3.0,-0.04235,-0.06505,-0.05235,-0.07505,0.01
b3cb40b0d41dd367,GSK,2026-02-06,^FTAS,Sir Jonathan Symonds,NED,T3,52850,77720000000,0,0,Health Care,GSK-2026-02-05,0,23.24,Low,1.0,0.3,0.341,0.1,0.1,173.0,,-0.06461,-0.11116,-0.07461,-0.12116,0.01
3b4d98f1774af01b,GSK,2026-02-20,^FTAS,Wendy Becker,NED,T3,73990.13,77720000000,0,0,Health Care,GSK-2026-02-05,0,24.7,Low,1.0,0.3,0.39,0.1,0.1,159.0,,-0.01408,,-0.02408,,0.01
dbba5af7e937754f,GUN,2026-02-13,^FTAS,Donald Strang,Executive Director,T2,1800,1620000,1,0,Financials,,0,67.2,High,1.5,0.7,0.0,1.0,0.1,286.0,79.0,-0.09971,-0.15331,-0.10971,-0.16331,0.01
565b88215e48913e,GUN,2026-04-07,^FTAS,Hamish Harris,Chair (executive),T7,5500,1620000,1,0,Financials,GUN-2026-04-02,0,0.0,Low,0.0,1.0,0.014,1.0,0.1,233.0,132.0,-0.08841,,-0.09841,,0.01
f65934999a06c8ae,GUN,2026-04-09,^FTAS,Donald Strang,Executive Director,T2,2000,1620000,1,0,Financials,GUN-2026-04-02,0,0.0,Low,0.0,0.7,0.0,1.0,0.1,231.0,134.0,0.10187,,0.09187,,0.01
8585a8d9a571da43,GUN,2026-04-16,^FTAS,Hamish Harris,Chair (executive),T7,4320,1620000,1,0,Financials,GUN-2026-04-02,0,40.35,Moderate,0.75,1.0,0.0,1.0,0.1,224.0,141.0,-0.02898,,-0.03898,,0.01
1d581a83914c3692,HAS,2025-08-21,^FTAS,Michael Findlay,NED,T3,19898.77,555180000,0,0,Industrials,HAS-2025-08-21,0,44.92,Moderate,1.0,0.3,0.2,0.591,0.94,50.0,,-0.09375,-0.1653,-0.10375,-0.1753,0.01
ff5fe21568012fc8,HAS,2025-08-22,^FTAS,Joseph Hurd,NED,T3,1236.1,555180000,0,0,Industrials,HAS-2025-08-21,0,39.14,Low,1.0,0.3,0.0,0.591,0.952,49.0,,-0.1125,-0.18123,-0.1225,-0.19123,0.01
b0aaf3039e79b0f9,HAS,2025-08-26,^FTAS,Dirk Hahn,CEO,T1a,19195.49,555180000,0,0,Industrials,HAS-2025-08-21,0,66.85,High,1.0,1.0,0.195,0.591,1.0,45.0,,-0.10654,-0.1868,-0.11654,-0.1968,0.01
95d1818496529244,HAS,2025-08-26,^FTAS,Dirk Hahn,CEO,T1a,64084.1,555180000,0,0,Industrials,HAS-2025-08-21,0,72.08,High,1.0,1.0,0.369,0.591,1.0,45.0,,-0.10654,-0.1868,-0.11654,-0.1968,0.01
ff15847cefb8d876,HAS,2025-08-27,^FTAS,Mark Dearnley,Other Chief,T2,250032.19,555180000,0,0,Industrials,HAS-2025-08-21,0,51.75,Moderate,0.75,0.7,0.566,0.591,1.0,44.0,,-0.09999,-0.19215,-0.10999,-0.20215,0.01
5f33d7fb504a598f,HAS,2025-08-29,^FTAS,Dirk Hahn,CEO,T1a,224013.64,555180000,0,0,Industrials,HAS-2025-08-21,0,77.52,High,1.0,1.0,0.55,0.591,1.0,42.0,,-0.09774,-0.2143,-0.10774,-0.2243,0.01
425f7395dbe28713,HAS,2025-10-03,^FTAS,Mark Dearnley,Other Chief,T2,96186,555180000,0,0,Industrials,,0,70.27,High,1.5,0.7,0.428,0.591,0.0,7.0,,-0.00057,-0.30065,-0.01057,-0.31065,0.01
c6ea1207cb863698,HAS,2025-11-11,^FTAS,Anthony Kirby,NED,T3,5827.91,555180000,0,0,Industrials,HAS-2025-11-10,0,54.85,Moderate,1.5,0.3,0.022,0.591,0.772,64.0,32.0,-0.08936,-0.46815,-0.09936,-0.47815,0.01
4bede26951b97928,HAS,2026-03-02,^FTAS,Michael Findlay,NED,T3,9946.27,555180000,0,0,Industrials,HAS-2026-03-02,0,75.23,High,1.75,0.3,0.1,0.591,1.0,45.0,47.0,-0.14803,,-0.15803,,0.01
aca524ca5592218a,HAS,2026-03-03,^FTAS,Cheryl Millington,NED,T3,1946,555180000,0,0,Industrials,HAS-2026-03-02,0,70.01,High,1.75,0.3,0.0,0.591,1.0,44.0,48.0,-0.17965,,-0.18965,,0.01
a7bf99c5b338637a,HAS,2026-03-04,^FTAS,Mark Dearnley,CEO,T1a,147180.79,555180000,0,0,Industrials,HAS-2026-03-02,0,100.0,Exceptional,1.75,1.0,0.49,0.591,1.0,43.0,49.0,-0.17484,,-0.18484,,0.01
23c1db1f3d802d1c,HAS,2026-03-25,^FTAS,Helen Cunningham,NED,T3,1999.77,555180000,0,0,Industrials,HAS-2026-03-02,0,47.61,Moderate,2.0,0.3,0.0,0.591,0.1,22.0,70.0,0.03483,,0.02483,,0.01
fa38e83bb4f1578b,HAS,2026-04-14,^FTAS,David Brown,Divisional / Regional Exec,T2,3006.99,555180000,0,0,Industrials,HAS-2026-03-02,0,44.75,Moderate,1.25,0.7,0.0,0.591,0.1,2.0,90.0,0.077,,0.067,,0.01
cc0845a84751434e,HAS,2026-04-28,^FTAS,James Hilton,CFO,T1b,37.67,555180000,0,0,Industrials,HAS-2026-03-02,0,25.98,Low,0.5,0.9,0.0,0.591,0.664,73.0,12.0,0.07872,,0.06872,,0.01
7a6e38b95dbeba0d,HAYD,2026-04-08,^FTAS,Mark Sait,Other Chief,T2,3000,25660000,1,0,Materials,,0,56.0,Moderate,1.25,0.7,0.0,1.0,0.1,152.0,50.0,0.09309,,0.08309,,0.01
3dbb3b984a19db4d,HBR,2025-10-17,^FTAS,Louise Hough,NED,T3,670.36,4220000000,0,0,Energy,,0,20.28,Low,1.25,0.3,0.0,0.247,0.1,139.0,,0.0428,0.10865,0.0328,0.09865,0.01
c81578192c9009a1,HBR,2025-10-17,^FTAS,Louise Hough,NED,T3,1893.32,4220000000,0,0,Energy,HBR-2025-05-12,0,20.28,Low,1.25,0.3,0.0,0.247,0.1,139.0,,0.0428,0.10865,0.0328,0.09865,0.01
2ad6b1f8916cde32,HBR,2025-10-17,^FTAS,Louise Hough,NED,T3,1933.44,4220000000,0,0,Energy,,0,20.28,Low,1.25,0.3,0.0,0.247,0.1,139.0,,0.0428,0.10865,0.0328,0.09865,0.01
a16f30ac7ef26203,HDD,2025-10-24,^FTAS,Andrew Magson,Parser fragment,T4,14999.99,48080000,1,0,Industrials,,0,71.91,High,1.5,0.2,0.159,1.0,0.843,90.0,2.0,0.71917,3.35145,0.70917,3.34145,0.01
d04bd272b9717bde,HIK,2025-08-08,^FTAS,Mazen Darwazah,Chair (executive),T7,3512000,3130000000,0,0,Health Care,HIK-2025-08-07,0,73.29,High,1.0,1.0,0.949,0.297,0.46,90.0,,-0.07192,-0.19955,-0.08192,-0.20955,0.01
6a16833bdef6dad7,HIK,2025-08-22,^FTAS,Laura Balan,NED,T3,63724.5,3130000000,0,0,Health Care,HIK-2025-08-07,0,37.9,Low,1.0,0.3,0.368,0.297,0.628,76.0,,-0.01445,-0.21537,-0.02445,-0.22537,0.01
2fc1b612bfdab5e2,HIK,2025-09-17,^FTAS,Mazen Darwazah,Chair (executive),T7,224420,3130000000,0,0,Health Care,HIK-2025-08-07,0,69.98,High,1.0,1.0,0.551,0.297,0.94,50.0,,0.06364,-0.1357,0.05364,-0.1457,0.01
f48f6321d4499c3f,HIK,2025-11-11,^FTAS,Said Darwazah,Chair (executive),T7,1605000,3130000000,0,0,Health Care,,0,75.23,High,1.0,1.0,0.836,0.297,0.757,107.0,5.0,-0.04474,-0.21214,-0.05474,-0.22214,0.01
dcdd9a13ebb7b4d3,HIK,2025-12-19,^FTAS,Mazen Darwazah,Chair (executive),T7,1498600,3130000000,0,0,Health Care,,0,74.12,High,1.0,1.0,0.826,0.297,0.712,69.0,43.0,0.02889,-0.11137,0.01889,-0.12137,0.01
8689e05db8300781,HIK,2026-03-11,^FTAS,Hussein Arkhagha,PDMR-only,T4,74400,3130000000,0,0,Health Care,,0,52.83,Moderate,1.25,0.2,0.391,0.297,1.0,43.0,13.0,0.13713,,0.12713,,0.01
a5bf367663be09c6,HIK,2026-04-28,^FTAS,Victoria Hull,NED,T3,198900.8,3130000000,0,0,Health Care,,0,45.17,Moderate,1.0,0.3,0.533,0.297,0.757,100.0,5.0,0.04888,,0.03888,,0.01
79e7a9c0c58df0ab,HLCL,2025-08-08,^FTAS,Richard R. Cotton,NED,T3,953.81,226890000,1,0,Real Estate,,0,56.92,Moderate,1.5,0.3,0.0,0.743,0.7,70.0,22.0,-0.11807,-0.23451,-0.12807,-0.24451,0.01
4721fe0f416513d9,HLCL,2026-01-27,^FTAS,Richard R. Cotton,NED,T3,806.4,226890000,1,0,Real Estate,HLCL-2026-01-19,0,34.71,Low,1.0,0.3,0.0,0.743,0.52,85.0,102.0,0.00246,-0.072,-0.00754,-0.082,0.01
896892e535abd925,HLCL,2026-01-28,^FTAS,Amanda J. Aldridge,NED,T3,23400,226890000,1,0,Real Estate,HLCL-2026-01-19,0,41.63,Moderate,1.0,0.3,0.223,0.743,0.532,84.0,103.0,-0.00384,-0.06309,-0.01384,-0.07309,0.01
89a7b484bf93f5a2,HLCL,2026-03-26,^FTAS,Robert Fowlds,NED,T3,44724.88,226890000,1,0,Real Estate,,0,64.16,High,1.75,0.3,0.317,0.743,0.1,27.0,160.0,0.03806,,0.02806,,0.01
9e366b65644611d9,HLN,2025-09-22,^FTAS,Alan Stewart,NED,T3,732.83,29810000000,0,0,Health Care,,0,29.2,Low,1.0,0.3,0.0,0.1,1.0,38.0,,0.02751,0.01795,0.01751,0.00795,0.01
ed552f14ec788cd9,HMSO,2025-10-22,^FTAS,Rita-Rose Gagn,CEO,T1a,2204.14,1750000000,0,0,Real Estate,HMSO-2025-10-20,0,70.89,High,1.25,1.0,0.0,0.396,1.0,30.0,,0.03091,0.06105,0.02091,0.05105,0.01
8ba63d1e1298d4c2,HMSO,2025-10-23,^FTAS,Rita-Rose Gagn,CEO,T1a,11868.65,1750000000,0,0,Real Estate,HMSO-2025-10-20,0,53.08,Moderate,1.25,1.0,0.125,0.396,0.0,29.0,,0.02118,0.02861,0.01118,0.01861,0.01
7ade13b5da060c80,HMSO,2025-10-24,^FTAS,Adam Metz,NED,T3,7708.52,1750000000,0,0,Real Estate,HMSO-2025-10-20,0,24.49,Low,1.25,0.3,0.063,0.396,0.0,28.0,,0.02623,0.03718,0.01623,0.02718,0.01
095a855094e40d9e,HMSO,2025-11-13,^FTAS,Shan Annous,PCA,T5,1198.27,1750000000,0,0,Real Estate,HMSO-2025-10-20,0,48.39,Moderate,1.25,1.0,0.0,0.396,0.0,8.0,,0.03462,-0.00587,0.02462,-0.01587,0.01
70d33584ade4da2a,HMSO,2025-12-22,^FTAS,Clare Wilkinson,PCA,T5,502479.56,1750000000,0,0,Real Estate,,0,72.42,High,1.0,1.0,0.667,0.396,0.76,65.0,31.0,0.05147,-0.03197,0.04147,-0.04197,0.01
009054a39d1425da,HMSO,2026-05-14,^FTAS,Harry Badham,Other / unclassified,T4,320.86,1750000000,0,0,Real Estate,HMSO-2026-05-12,0,32.25,Low,1.25,0.2,0.0,0.396,0.616,77.0,78.0,0.13618,,0.12618,,0.01
12285ca5160b6979,HMSO,2026-05-15,^FTAS,Rob Wilkinson,,T4,5546.16,1750000000,0,0,Real Estate,HMSO-2026-05-12,0,33.08,Low,1.25,0.2,0.015,0.396,0.628,76.0,79.0,0.12694,,0.11694,,0.01
b24cefb8e9e6e15b,HMSO,2026-05-19,^FTAS,Himanshu Raja,CFO,T1b,89.45,1750000000,0,0,Real Estate,HMSO-2026-05-12,0,59.85,Moderate,1.25,0.9,0.0,0.396,0.676,72.0,83.0,0.13791,,0.12791,,0.01
a236c33d3960d0ab,HMSO,2026-05-22,^FTAS,Adam Metz,NED,T3,8483.53,1750000000,0,0,Real Estate,HMSO-2026-05-12,0,41.03,Moderate,1.25,0.3,0.077,0.396,0.712,69.0,86.0,,,,,0.01
5d378891486da63b,HOC,2025-10-31,^FTAS,Michel Sylvestre,NED,T3,5362.2,2790000000,0,0,Materials,,0,27.11,Low,1.5,0.3,0.01,0.317,0.1,131.0,65.0,0.38903,0.90695,0.37903,0.89695,0.01
f320a7cc5e80f42e,HSP,2025-11-05,^FTAS,Gordon Banham,CEO,T1a,49400,243790000,1,0,Industrials,,0,100.0,Exceptional,1.5,1.0,0.332,0.731,1.0,36.0,7.0,0.01516,0.11153,0.00516,0.10153,0.01
1030766c809c391c,HSX,2025-10-01,^FTAS,Paul Cooper,CFO,T1b,28030.42,5500000000,0,0,Financials,,0,40.72,Moderate,1.0,0.9,0.25,0.202,0.1,147.0,,-0.0652,-0.01026,-0.0752,-0.02026,0.01
5455fa847613cf53,HSX,2025-10-01,^FTAS,Paul Cooper,CFO,T1b,13721.62,5500000000,0,0,Financials,,0,37.62,Low,1.0,0.9,0.146,0.202,0.1,147.0,,-0.0652,-0.01026,-0.0752,-0.02026,0.01
6da9981058c8b9b3,HTG,2025-09-24,^FTAS,Margaret Amos,NED,T3,9997.37,690410000,0,0,Energy,,0,26.0,Low,1.0,0.3,0.1,0.554,0.1,203.0,,0.03552,0.22438,0.02552,0.21438,0.01
64d2a07ed4bc46bc,HTG,2025-11-05,^FTAS,Catherine Krajicek,NED,T3,63082.8,690410000,0,0,Energy,HTG-2025-11-03,0,34.0,Low,1.0,0.3,0.367,0.554,0.1,161.0,,0.03025,0.28394,0.02025,0.27394,0.01
d837f08a7bc981b1,HTG,2025-11-05,^FTAS,Bruce Ferguson,Parser fragment,T4,9552.05,690410000,0,0,Energy,HTG-2025-11-03,0,22.8,Low,1.0,0.2,0.094,0.554,0.1,161.0,,0.03025,0.28394,0.02025,0.27394,0.01
793defc501b3e496,HTG,2025-12-12,^FTAS,Margaret Amos,NED,T3,19889.16,690410000,0,0,Energy,HTG-2025-12-12,0,28.99,Low,1.0,0.3,0.2,0.554,0.1,124.0,,0.08394,0.21019,0.07394,0.20019,0.01
fb5044afdfd26663,HTG,2025-12-15,^FTAS,Stuart Brightman,NED,T3,77532,690410000,0,0,Energy,HTG-2025-12-12,0,34.89,Low,1.0,0.3,0.397,0.554,0.1,121.0,,0.11542,0.21985,0.10542,0.20985,0.01
676aa40c53c7950e,HTWS,2026-03-16,^FTAS,Thomas Greenwood,CEO,T1a,150555.33,2270000000,0,0,Communication Services,,0,83.34,Exceptional,1.25,1.0,0.493,0.352,0.786,136.0,4.0,0.08489,,0.07489,,0.01
ee2ce8324eb131b5,IBAI,2025-07-09,^FTAS,Michael Schmainda,NED,T3,1400,1730000,1,0,Health Care,,0,32.8,Low,1.0,0.3,0.0,1.0,0.1,641.0,89.0,-0.20379,0.30392,-0.21379,0.29392,0.01
d07194a2c6a5de08,IBST,2026-04-17,^FTAS,Martin Payne,NED,T3,21600,376060000,1,0,Materials,,0,71.72,High,1.5,0.3,0.212,0.657,1.0,34.0,87.0,-0.11414,,-0.12414,,0.01
8e73424f26483da6,IGG,2025-10-01,^FTAS,Breon Corcoran,CEO,T1a,144460.7,6080000000,0,0,Financials,IGG-2025-09-30,0,50.47,Moderate,1.0,1.0,0.487,0.185,0.1,169.0,,-0.00331,0.19939,-0.01331,0.18939,0.01
0888b7a508352bdf,IGG,2025-10-01,^FTAS,Clifford Abrahams,CFO,T1b,53600,6080000000,0,0,Financials,IGG-2025-09-30,0,43.16,Moderate,1.0,0.9,0.343,0.185,0.1,169.0,,-0.00331,0.19939,-0.01331,0.18939,0.01
af7834536d016eb1,IGG,2025-10-07,^FTAS,Wu Gang,NED,T3,59713.94,6080000000,0,0,Financials,IGG-2025-09-30,0,32.04,Low,1.25,0.3,0.359,0.185,0.1,163.0,,0.00344,0.19073,-0.00656,0.18073,0.01
158a14b10391e96b,IGG,2025-10-29,^FTAS,Breon Corcoran,CEO,T1a,33336.7,6080000000,0,0,Financials,IGG-2025-09-30,0,77.17,High,1.75,1.0,0.275,0.185,0.1,141.0,,0.03541,0.15992,0.02541,0.14992,0.01
59c61cf9a22b6d32,IGP,2025-10-09,^FTAS,Nitil Patel,CFO,T1b,3975.4,74600000,1,0,Technology,,0,49.3,Moderate,1.0,0.9,0.0,0.932,0.1,13.0,107.0,-0.18045,-0.32827,-0.19045,-0.33827,0.01
620ebcbe34828457,IGR,2025-08-05,^FTAS,John Gittins,NED,T3,19107,77200000,1,0,Consumer Discretionary,,0,59.75,Moderate,1.25,0.3,0.194,0.926,0.7,84.0,7.0,-0.12565,-0.21011,-0.13565,-0.22011,0.01
c4fd3f7ef0a6ef79,IGR,2026-05-08,^FTAS,Gerald Kuehr,CEO,T1a,860032.56,77200000,1,0,Consumer Discretionary,,0,100.0,Exceptional,1.5,1.0,0.745,0.926,0.671,207.0,8.0,0.06166,,0.05166,,0.01
f6a4467dcce14a26,IHP,2025-07-18,^FTAS,Elisabeth Grey-Davies,Other / unclassified,T4,14720.76,1150000000,0,0,Financials,IHP-2025-06-18,0,35.63,Low,1.0,0.2,0.156,0.467,0.814,88.0,3.0,-0.07846,-0.18657,-0.08846,-0.19657,0.01
efa51948313fdffe,IHP,2025-12-18,^FTAS,Euan Marshall,Other / unclassified,T4,21246,1150000000,0,0,Financials,IHP-2025-12-18,0,19.13,Low,0.5,0.2,0.209,0.467,0.871,124.0,1.0,-0.0645,-0.13849,-0.0745,-0.14849,0.01
96b9cea8a439918b,IHP,2025-12-19,^FTAS,Rita Dhut,Other / unclassified,T4,19857.05,1150000000,0,0,Financials,IHP-2025-12-18,0,18.72,Low,0.5,0.2,0.2,0.467,0.843,123.0,2.0,-0.05588,-0.12433,-0.06588,-0.13433,0.01
e72e182f27db4d99,IHP,2026-01-13,^FTAS,Elisabeth Grey-Davies,PCA,T5,15736.5,1150000000,0,0,Financials,IHP-2025-12-18,0,64.77,High,1.25,1.0,0.166,0.467,0.364,98.0,27.0,-0.153,-0.00047,-0.163,-0.01047,0.01
e81e5de5578f51e7,IHP,2026-01-13,^FTAS,Euan Marshall,CFO,T1b,15748.65,1150000000,0,0,Financials,IHP-2025-12-18,0,61.02,High,1.25,0.9,0.166,0.467,0.364,98.0,27.0,-0.153,-0.00047,-0.163,-0.01047,0.01
17d656339c2185ec,IHP,2026-02-12,^FTAS,Elisabeth Grey-Davies,Other / unclassified,T4,13563.6,1150000000,0,0,Financials,IHP-2025-12-18,0,50.47,Moderate,1.5,0.2,0.144,0.467,0.724,68.0,57.0,-0.02695,0.0754,-0.03695,0.0654,0.01
9e04e39952a53ff6,III,2026-05-22,^FTAS,Simon Borrows,NED,T3,1114315,22410000000,0,0,Financials,,0,12.25,Low,0.25,0.3,0.783,0.1,0.796,62.0,,,,,,0.01
446eb5b933ca59fd,IMB,2025-09-18,^FTAS,Alan Johnson CMG,NED,T3,18393.9,21260000000,0,0,Consumer Staples,IMB-2025-09-18,0,18.66,Low,1.0,0.3,0.189,0.1,0.1,208.0,,-0.06506,-0.1175,-0.07506,-0.1275,0.01
20baf93ad2898222,IMB,2025-09-23,^FTAS,Ngozi Edozien,NED,T3,37629.18,21260000000,0,0,Consumer Staples,IMB-2025-09-18,0,27.21,Low,1.25,0.3,0.292,0.1,0.1,203.0,,-0.04953,-0.1086,-0.05953,-0.1186,0.01
ebc91cdced61d98a,IMB,2026-04-10,^FTAS,Alan Johnson CMG,NED,T3,19974.36,21260000000,0,0,Consumer Staples,IMB-2026-04-07,0,0.0,Low,0.0,0.3,0.201,0.1,0.0,4.0,,-0.08821,,-0.09821,,0.01
321b4e9c4b9bb94f,IMB,2026-04-13,^FTAS,Murray McGowan,CFO,T1b,27722.87,21260000000,0,0,Consumer Staples,IMB-2026-04-07,0,0.0,Low,0.0,0.9,0.248,0.1,0.0,1.0,,-0.0941,,-0.1041,,0.01
7e6e8f4b8bb3f31c,IMI,2025-09-26,^FTAS,Ajai Puri,NED,T3,22346,6740000000,0,0,Industrials,,0,31.46,Low,1.5,0.3,0.217,0.167,0.1,228.0,,0.03639,0.13462,0.02639,0.12462,0.01
3f269070785fe646,IMI,2026-03-09,^FTAS,Clare Pike,PCA,T5,99907.84,6740000000,0,0,Industrials,,0,100.0,Exceptional,1.75,1.0,0.434,0.167,0.772,64.0,,0.0253,,0.0153,,0.01
971f2f16a65ebc59,INCH,2025-07-15,^FTAS,Karen Evans,PCA,T5,10728.6,2890000000,0,0,Consumer Discretionary,INCH-2025-06-16,0,62.93,High,1.5,1.0,0.111,0.311,0.1,231.0,,-0.15607,-0.10525,-0.16607,-0.11525,0.01
f8c8f7657dff461f,INCH,2025-07-31,^FTAS,Number of Shares Purchased,NED,T3,36250,2890000000,0,0,Consumer Discretionary,INCH-2025-06-16,0,32.8,Low,1.25,0.3,0.287,0.311,0.1,215.0,,-0.07913,0.03533,-0.08913,0.02533,0.01
856cf2c40f3cd908,INCH,2025-08-07,^FTAS,Number of Shares Purchased,NED,T3,23485,2890000000,0,0,Consumer Discretionary,INCH-2025-06-16,0,36.54,Low,1.5,0.3,0.224,0.311,0.1,208.0,,0.03851,0.11603,0.02851,0.10603,0.01
0e846b419dafd875,INCH,2025-09-08,^FTAS,Adrian Lewis,CFO,T1b,579.1,2890000000,0,0,Consumer Discretionary,INCH-2025-09-05,0,35.64,Low,1.0,0.9,0.0,0.311,0.1,176.0,,0.05361,0.06731,0.04361,0.05731,0.01
10381ca57d8ced45,INCH,2025-09-09,^FTAS,Katy Lewis,PCA,T5,9335.2,2890000000,0,0,Consumer Discretionary,INCH-2025-09-05,0,41.35,Moderate,1.0,1.0,0.09,0.311,0.1,175.0,,0.08553,0.08163,0.07553,0.07163,0.01
b2a383ea9e858adf,INCH,2025-09-09,^FTAS,Adrian Lewis,CFO,T1b,9898.66,2890000000,0,0,Consumer Discretionary,INCH-2025-09-05,0,38.6,Low,1.0,0.9,0.099,0.311,0.1,175.0,,0.08553,0.08163,0.07553,0.07163,0.01
b00822434c8c5f62,INCH,2025-09-12,^FTAS,Karen Evans,PCA,T5,6061.6,2890000000,0,0,Consumer Discretionary,INCH-2025-09-05,0,49.34,Moderate,1.25,1.0,0.028,0.311,0.1,172.0,,0.13468,0.12158,0.12468,0.11158,0.01
bb0f03489d3adca6,INCH,2025-12-10,^FTAS,Number of Shares Purchased,NED,T3,37900,2890000000,0,0,Consumer Discretionary,,0,43.03,Moderate,1.25,0.3,0.293,0.311,0.544,83.0,,0.00562,-0.00482,-0.00438,-0.01482,0.01
6d6eee1645111812,INSG,2026-01-28,^FTAS,Richard Bernstein,CEO,T1a,11814.6,17670000,1,0,Technology,,0,52.38,Moderate,0.75,1.0,0.124,1.0,0.784,63.0,50.0,-0.37168,-0.35071,-0.38168,-0.36071,0.01
db96fab16494a128,IPX,2026-02-19,^FTAS,Simon O'Regan,NED,T3,19008,122230000,1,0,Financials,,0,64.55,High,1.5,0.3,0.193,0.848,0.532,84.0,80.0,-0.13278,-0.29763,-0.14278,-0.30763,0.01
449fe59cd90267fa,ITH,2025-12-03,^FTAS,Yaniv Friedman,Chair (executive),T7,56508.24,3940000000,0,0,Energy,,0,60.11,High,1.0,1.0,0.351,0.258,0.772,64.0,,-0.08732,0.31353,-0.09732,0.30353,0.01
980e67f66a18e87d,ITRK,2026-03-04,^FTAS,Robin Freestone,NED,T3,121.54,8370000000,0,0,Industrials,,0,23.91,Low,1.75,0.3,0.0,0.13,0.1,149.0,,0.222,,0.212,,0.01
14db3cc2f06c5d4c,ITX,2026-01-16,^FTAS,Peter Nieuwenhuizen,NED,T3,8820,15310000,1,0,Materials,,0,61.9,High,1.25,0.3,0.082,1.0,0.892,54.0,3.0,-0.01696,-0.12522,-0.02696,-0.13522,0.01
219916a6e74de8c7,ITX,2026-05-06,^FTAS,Peter Nieuwenhuizen,NED,T3,3717.9,15310000,1,0,Materials,,0,47.21,Moderate,1.25,0.3,0.0,1.0,0.376,97.0,43.0,0.0015,,-0.0085,,0.01
77e9ee83a853d354,JDW,2025-10-08,^FTAS,Harry Morley,NED,T3,46762.5,661420000,0,0,Consumer Discretionary,,0,49.29,Moderate,1.5,0.3,0.324,0.561,0.1,163.0,,-0.01231,0.09435,-0.02231,0.08435,0.01
1c9583af2cdec44e,JDW,2026-01-27,^FTAS,Ben Whitley,CFO,T1b,470.61,661420000,0,0,Consumer Discretionary,,0,55.84,Moderate,1.0,0.9,0.0,0.561,0.916,52.0,,-0.02847,-0.09241,-0.03847,-0.10241,0.01
56f6da006bc144d1,JDW,2026-05-14,^FTAS,Debbie Whittingham,NED,T3,149.25,661420000,0,0,Consumer Discretionary,JDW-2026-05-13,0,59.79,Moderate,1.75,0.3,0.0,0.561,0.712,69.0,8.0,0.14907,,0.13907,,0.01
818f247191b7796a,JDW,2026-05-14,^FTAS,John Hutson,CEO,T1a,149.25,661420000,0,0,Consumer Discretionary,JDW-2026-05-13,0,96.54,Exceptional,1.75,1.0,0.0,0.561,0.712,69.0,8.0,0.14907,,0.13907,,0.01
d8159212fbada551,JDW,2026-05-14,^FTAS,Ben Whitley,CFO,T1b,149.25,661420000,0,0,Consumer Discretionary,JDW-2026-05-13,0,91.29,Exceptional,1.75,0.9,0.0,0.561,0.712,69.0,8.0,0.14907,,0.13907,,0.01
fa6d9bd814315f76,JDW,2026-05-14,^FTAS,Michael Barron,Executive Director,T2,149.25,661420000,0,0,Consumer Discretionary,JDW-2026-05-13,0,80.79,Exceptional,1.75,0.7,0.0,0.561,0.712,69.0,8.0,0.14907,,0.13907,,0.01
fab62ecd9e922227,JDW,2026-05-14,^FTAS,David Capstick,Executive Director,T2,149.25,661420000,0,0,Consumer Discretionary,JDW-2026-05-13,0,80.79,Exceptional,1.75,0.7,0.0,0.561,0.712,69.0,8.0,0.14907,,0.13907,,0.01
7096d757152c0cbb,JDW,2026-05-14,^FTAS,Tom Ball,Executive Director,T2,101.49,661420000,0,0,Consumer Discretionary,JDW-2026-05-13,0,80.79,Exceptional,1.75,0.7,0.0,0.561,0.712,69.0,8.0,0.14907,,0.13907,,0.01
625535e7b09be5a1,JDW,2026-05-14,^FTAS,Martin Geoghegan,Executive Director,T2,149.25,661420000,0,0,Consumer Discretionary,JDW-2026-05-13,0,80.79,Exceptional,1.75,0.7,0.0,0.561,0.712,69.0,8.0,0.14907,,0.13907,,0.01
618bf94e22b71d4c,JDW,2026-05-14,^FTAS,Paul Brimmer,NED,T3,149.25,661420000,0,0,Consumer Discretionary,JDW-2026-05-13,0,59.79,Moderate,1.75,0.3,0.0,0.561,0.712,69.0,8.0,0.14907,,0.13907,,0.01
44f552fc2bb7dfaf,JDW,2026-05-14,^FTAS,Will Fotheringham,NED,T3,95.52,661420000,0,0,Consumer Discretionary,JDW-2026-05-13,0,59.79,Moderate,1.75,0.3,0.0,0.561,0.712,69.0,8.0,0.14907,,0.13907,,0.01
891c59ac86262908,JDW,2026-05-14,^FTAS,Nigel Connor,Company Secretary / General Counsel,T6,149.25,661420000,0,0,Consumer Discretionary,JDW-2026-05-13,0,70.29,High,1.75,0.5,0.0,0.561,0.712,69.0,8.0,0.14907,,0.13907,,0.01
9fa89ed0c2342f55,JET2,2026-02-18,^FTSC,Rachel Kentleton,NED,T3,21398.83,2290000000,0,1,Consumer Discretionary,,0,23.02,Low,1.0,0.3,0.21,0.35,0.0,7.0,,-0.01901,0.0291,-0.02401,0.0241,0.005
1a8b0d79a18668f6,JMAT,2026-02-23,^FTAS,Liam Condon,CEO,T1a,100479.67,3480000000,0,0,Materials,JMAT-2026-02-23,0,56.59,Moderate,1.0,1.0,0.434,0.279,0.412,94.0,95.0,0.05081,,0.04081,,0.01
512bec2cad37d097,JMAT,2026-02-24,^FTAS,Andrew Cosslett,Chair (executive),T7,99488.94,3480000000,0,0,Materials,JMAT-2026-02-23,0,56.76,Moderate,1.0,1.0,0.433,0.279,0.424,93.0,96.0,0.03991,,0.02991,,0.01
a968346c5bc3935b,KEYS,2025-12-03,^FTAS,Isabel Napper,NED,T3,10064.6,172250000,1,0,Industrials,,0,81.01,Exceptional,2.0,0.3,0.101,0.79,0.616,77.0,216.0,-0.0501,-0.3165,-0.0601,-0.3265,0.01
dd7a23251b7c89e4,KEYS,2026-04-29,^FTAS,Robin Williams,Chair (executive),T7,14880,172250000,1,0,Industrials,,0,26.96,Low,0.5,1.0,0.158,0.79,0.1,147.0,70.0,0.01668,,0.00668,,0.01
d781e99eeff752d7,KIE,2026-05-15,^FTAS,Alison Thomas,PCA,T5,19999.98,891590000,0,0,Industrials,KIE-2026-05-15,0,60.5,High,1.0,1.0,0.201,0.511,0.736,67.0,,0.0511,,0.0411,,0.01
c501f9cf4b5802c4,KIE,2026-05-15,^FTAS,Megan Thomas,PCA,T5,19998.48,891590000,0,0,Industrials,KIE-2026-05-15,0,60.5,High,1.0,1.0,0.201,0.511,0.736,67.0,,0.0511,,0.0411,,0.01
6afabad74fa69763,KIE,2026-05-15,^FTAS,Jack Thomas,PCA,T5,8953.82,891590000,0,0,Industrials,KIE-2026-05-15,0,57.01,Moderate,1.0,1.0,0.084,0.511,0.736,67.0,,0.0511,,0.0411,,0.01
327ef3c6a8663b9c,KIE,2026-05-15,^FTAS,Amy Thomas,PCA,T5,19964.89,891590000,0,0,Industrials,KIE-2026-05-15,0,60.49,High,1.0,1.0,0.2,0.511,0.736,67.0,,0.0511,,0.0411,,0.01
e5716c6ed5ba5b24,KIE,2026-05-15,^FTAS,Megan Thomas,PCA,T5,69010.23,891590000,0,0,Industrials,KIE-2026-05-15,0,65.88,High,1.0,1.0,0.38,0.511,0.736,67.0,,0.0511,,0.0411,,0.01
143c9cfd834073e7,KNOS,2025-11-18,^FTAS,Nicholas Bishop,PCA,T5,96098.9,978400000,0,0,Technology,,0,55.52,Moderate,1.0,1.0,0.428,0.495,0.1,153.0,,-0.01478,-0.30706,-0.02478,-0.31706,0.01
d37be82ee33d3f0c,KZG,2026-04-29,^FTAS,Richard Jennings,CEO,T1a,65000,12130000,1,0,Financials,,0,91.97,Exceptional,1.25,1.0,0.371,1.0,0.58,80.0,29.0,-0.19133,,-0.20133,,0.01
c79f26e2f9625d1b,LAND,2025-11-17,^FTAS,Baroness Louise Casey,NED,T3,3075.5,4680000000,0,0,Real Estate,,0,19.8,Low,1.25,0.3,0.0,0.229,0.1,178.0,49.0,-0.00427,-0.13327,-0.01427,-0.14327,0.01
f3643b3b882a6f05,LAND,2025-12-18,^FTAS,Anne Richards,NED,T3,99485.16,4680000000,0,0,Real Estate,,0,28.83,Low,1.0,0.3,0.433,0.229,0.1,147.0,80.0,0.02973,-0.07245,0.01973,-0.08245,0.01
396ee863f774476f,LGEN,2025-07-01,^FTAS,Sir John Kingman,Chair (executive),T7,1643.83,14770000000,0,0,Financials,LGEN-2025-06-02,0,34.0,Low,1.0,1.0,0.0,0.1,0.1,400.0,,-0.017,-0.15226,-0.027,-0.16226,0.01
3846095967bb59e7,LGEN,2025-08-01,^FTAS,Sir John Kingman,Chair (executive),T7,1642.35,14770000000,0,0,Financials,,0,51.0,Moderate,1.5,1.0,0.0,0.1,0.1,369.0,,-0.06122,-0.07441,-0.07122,-0.08441,0.01
b0c7f31b66d22e00,LGEN,2025-09-01,^FTAS,Sir John Kingman,Chair (executive),T7,1641.16,14770000000,0,0,Financials,,0,42.5,Moderate,1.25,1.0,0.0,0.1,0.1,338.0,,-0.05363,-0.00858,-0.06363,-0.01858,0.01
e02033cadce9664e,LGEN,2025-10-01,^FTAS,Sir John Kingman,Chair (executive),T7,9785.73,14770000000,0,0,Financials,,0,36.92,Low,1.0,1.0,0.097,0.1,0.1,308.0,,-0.01051,0.02069,-0.02051,0.01069,0.01
a343e562874010b4,LGEN,2025-10-01,^FTAS,Sir John Kingman,Chair (executive),T7,1645.69,14770000000,0,0,Financials,,0,34.0,Low,1.0,1.0,0.0,0.1,0.1,308.0,,-0.01051,0.02069,-0.02051,0.01069,0.01
1c203c2db8101524,LGEN,2025-11-03,^FTAS,Sir John Kingman,Chair (executive),T7,1641.23,14770000000,0,0,Financials,,0,59.5,Moderate,1.75,1.0,0.0,0.1,0.1,275.0,,0.02854,-0.05515,0.01854,-0.06515,0.01
ae0b2a858016bee7,LGEN,2025-12-01,^FTAS,Sir John Kingman,Chair (executive),T7,1642.81,14770000000,0,0,Financials,,0,17.0,Low,0.5,1.0,0.0,0.1,0.1,247.0,,0.03339,-0.01993,0.02339,-0.02993,0.01
085bcd257c28eec6,LGEN,2026-01-02,^FTAS,Sir John Kingman,Chair (executive),T7,1644.23,14770000000,0,0,Financials,,0,25.5,Low,0.75,1.0,0.0,0.1,0.1,215.0,,-0.02567,-0.08634,-0.03567,-0.09634,0.01
245ff8b1a3863a6b,LGEN,2026-02-02,^FTAS,Sir John Kingman,Chair (executive),T7,1642.74,14770000000,0,0,Financials,,0,59.5,Moderate,1.75,1.0,0.0,0.1,0.1,184.0,,-0.06447,0.03898,-0.07447,0.02898,0.01
bb3d1ea77eade063,LGEN,2026-03-02,^FTAS,Sir John Kingman,Chair (executive),T7,1641.96,14770000000,0,0,Financials,,0,51.0,Moderate,1.5,1.0,0.0,0.1,0.1,156.0,,0.01494,,0.00494,,0.01
bbaba4fb629c520e,LGEN,2026-04-01,^FTAS,Sir John Kingman,Chair (executive),T7,1641.91,14770000000,0,0,Financials,LGEN-2026-04-01,0,0.0,Low,0.0,1.0,0.0,0.1,0.1,126.0,,0.03654,,0.02654,,0.01
f31eecc561b9053b,LGEN,2026-04-28,^FTAS,Clare Bousfield,NED,T3,24767.9,14770000000,0,0,Financials,LGEN-2026-04-01,0,30.61,Low,1.25,0.3,0.232,0.1,0.352,99.0,,0.08863,,0.07863,,0.01
90d95eb960617600,LGEN,2026-05-01,^FTAS,Sir John Kingman,Chair (executive),T7,1644.17,14770000000,0,0,Financials,LGEN-2026-04-01,0,68.57,High,1.75,1.0,0.0,0.1,0.388,96.0,,0.0902,,0.0802,,0.01
c5414f3061316fc5,LINV,2026-01-28,^FTAS,Maeve Byrne,NED,T3,19825.77,34700000,1,0,Financials,,0,81.1,Exceptional,1.75,0.3,0.199,1.0,0.52,85.0,650.0,-0.157,-0.29328,-0.167,-0.30328,0.01
cbd7965b2c40b99d,LIO,2025-11-21,^FTAS,Luke Savage,NED,T3,14050,183250000,1,0,Financials,,0,16.22,Low,0.5,0.3,0.15,0.779,0.1,152.0,,-0.2239,-0.17477,-0.2339,-0.18477,0.01
90f497bda49f2ab8,LLOY,2025-08-07,^FTAS,Chris Vogelzang,NED,T3,24418.3,57780000000,0,0,Financials,,0,24.86,Low,1.25,0.3,0.23,0.1,0.1,265.0,,0.01144,0.11208,0.00144,0.10208,0.01
fbfcc7e3bbbea4ad,LLOY,2025-08-22,^FTAS,Chris Vogelzang,NED,T3,42000,57780000000,0,0,Financials,LLOY-2025-08-22,0,44.49,Moderate,2.0,0.3,0.308,0.1,0.1,250.0,,-0.01214,0.10854,-0.02214,0.09854,0.01
ecd1e4d534ed371f,LLOY,2025-09-11,^FTAS,John Winter,CEO,T1a,14616.32,57780000000,0,0,Financials,LLOY-2025-08-22,0,38.66,Low,1.0,1.0,0.155,0.1,0.1,230.0,,0.00957,0.16053,-0.00043,0.15053,0.01
2803886dfb69410a,LLOY,2025-09-18,^FTAS,Catherine And James Woods,NED,T3,1471.47,57780000000,0,0,Financials,LLOY-2025-08-22,0,0.0,Low,0.0,0.3,0.0,0.1,0.1,223.0,,0.00626,0.15335,-0.00374,0.14335,0.01
47011a302050c085,LLOY,2025-09-22,^FTAS,Charlie Nunn,CEO,T1a,182238.01,57780000000,0,0,Financials,LLOY-2025-08-22,0,12.4,Low,0.25,1.0,0.521,0.1,0.1,219.0,,0.04255,0.18698,0.03255,0.17698,0.01
34fbae6dfc664316,LLOY,2025-09-22,^FTAS,William Chalmers,CFO,T1b,116235.86,57780000000,0,0,Financials,LLOY-2025-08-22,0,11.17,Low,0.25,0.9,0.455,0.1,0.1,219.0,,0.04255,0.18698,0.03255,0.17698,0.01
5fa1607cbc2b0c0c,LLOY,2025-12-22,^FTAS,Charlie Nunn,CEO,T1a,182238.02,57780000000,0,0,Financials,LLOY-2025-12-18,0,37.21,Low,0.75,1.0,0.521,0.1,0.1,128.0,,0.04606,-0.05446,0.03606,-0.06446,0.01
fe5a2fcc1f683a76,LLOY,2025-12-22,^FTAS,William Chalmers,CFO,T1b,116236.4,57780000000,0,0,Financials,LLOY-2025-12-18,0,33.5,Low,0.75,0.9,0.455,0.1,0.1,128.0,,0.04606,-0.05446,0.03606,-0.06446,0.01
288cd540cbf2ece2,LLOY,2026-03-23,^FTAS,William Chalmers,CFO,T1b,116235.91,57780000000,0,0,Financials,LLOY-2026-03-20,0,0.0,Low,0.0,0.9,0.455,0.1,1.0,37.0,,0.01428,,0.00428,,0.01
db41709d8f31bb82,LLOY,2026-03-23,^FTAS,Charlie Nunn,CEO,T1a,182237.75,57780000000,0,0,Financials,LLOY-2026-03-20,0,0.0,Low,0.0,1.0,0.521,0.1,1.0,37.0,,0.01428,,0.00428,,0.01
684020216bf601dd,LLOY,2026-05-26,^FTAS,Catherine And James Woods,NED,T3,3018.82,57780000000,0,0,Financials,,0,12.44,Low,0.5,0.3,0.0,0.1,0.76,65.0,27.0,,,,,0.01
1be357cce0445291,LORD,2025-11-13,^FTAS,Katharine Kilpatrick,PCA,T5,6780,28680000,1,0,Industrials,LORD-2025-11-13,0,97.26,Exceptional,1.5,1.0,0.044,1.0,0.64,75.0,63.0,0.0326,-0.11685,0.0226,-0.12685,0.01
81ff9ceea50616dd,LORD,2025-11-18,^FTAS,Shanker Patel,CEO,T1a,294280,28680000,1,0,Industrials,LORD-2025-11-13,0,100.0,Exceptional,2.0,1.0,0.59,1.0,0.757,70.0,5.0,-0.05985,-0.19161,-0.06985,-0.20161,0.01
1b3fea6c238974b1,LPA,2026-02-09,^FTAS,Philo Daniel-Tran,CEO,T1a,25315.95,9050000,1,0,Industrials,,0,70.1,High,1.0,1.0,0.235,1.0,0.614,112.0,10.0,-0.17156,0.01657,-0.18156,0.00657,0.01
1aed54bd99fe8f3c,LRE,2025-09-19,^FTAS,Philip Broadley,NED,T3,29945.11,1460000000,0,0,Financials,,0,6.99,Low,0.25,0.3,0.259,0.427,0.1,185.0,141.0,-0.01686,-0.15439,-0.02686,-0.16439,0.01
447ed826d36b270b,LRE,2025-12-15,^FTAS,Philip Broadley,NED,T3,33145.2,1460000000,0,0,Financials,,0,33.16,Low,1.0,0.3,0.274,0.427,0.364,98.0,228.0,-0.04134,-0.08659,-0.05134,-0.09659,0.01
cf3eb8e8b3e2481a,LRE,2026-03-30,^FTAS,Nathalie Rachou,NED,T3,49910.3,1460000000,0,0,Financials,,0,0.0,Low,0.0,0.3,0.333,0.427,0.7,121.0,7.0,-0.03369,,-0.04369,,0.01
42cf67f0feaf2136,LRE,2026-05-01,^FTAS,Philip Broadley,NED,T3,23913.64,1460000000,0,0,Financials,,0,58.95,Moderate,1.75,0.3,0.227,0.427,0.472,89.0,39.0,0.06624,,0.05624,,0.01
ed27582fcfb59aba,LSEG,2025-08-04,^FTAS,Lloyd Pitchford,NED,T3,141197.94,45830000000,0,0,Financials,LSEG-2025-08-01,0,41.26,Moderate,1.5,0.3,0.484,0.1,0.1,262.0,,-0.11596,-0.17098,-0.12596,-0.18098,0.01
b0c768500a7ba54b,LSEG,2025-08-04,^FTAS,Michel-Alain Proch,CFO,T1b,13525.6,45830000000,0,0,Financials,LSEG-2025-08-01,0,52.98,Moderate,1.5,0.9,0.144,0.1,0.1,262.0,,-0.11596,-0.17098,-0.12596,-0.18098,0.01
63c0e09738412606,LSEG,2025-08-05,^FTAS,David Schwimmer,CEO,T1a,21047.04,45830000000,0,0,Financials,LSEG-2025-08-01,0,60.36,High,1.5,1.0,0.208,0.1,0.1,261.0,,-0.13356,-0.19545,-0.14356,-0.20545,0.01
faca830777b8ab50,LSEG,2025-09-22,^FTAS,Michel-Alain Proch,CFO,T1b,386913.2,45830000000,0,0,Financials,,0,12.47,Low,0.25,0.9,0.63,0.1,0.1,213.0,,0.11687,-0.10519,0.10687,-0.11519,0.01
83c859f3660f2c6c,LSL,2025-07-30,^FTAS,Adam Castleton,CEO,T1a,9900.8,208980000,1,0,Real Estate,,0,77.13,High,1.5,1.0,0.099,0.757,0.1,232.0,,-0.07528,-0.1709,-0.08528,-0.1809,0.01
cfa16b980e830a3c,LUCE,2026-02-09,^FTAS,Martyn Coffey,PDMR-only,T4,19831.2,400360000,1,0,Industrials,,0,44.21,Moderate,1.0,0.2,0.199,0.647,1.0,44.0,11.0,0.02805,0.62897,0.01805,0.61897,0.01
b77a60c09db79853,MAB,2026-05-26,^FTAS,Amanda Brown,NED,T3,70904.34,1400000000,0,0,Consumer Discretionary,,0,54.62,Moderate,1.25,0.3,0.384,0.434,0.757,185.0,5.0,,,,,0.01
066b007f4773d611,MAB1,2025-07-17,^FTAS,Ben Thompson,CEO,T1a,153.52,296920000,1,0,Financials,MAB1-2025-05-14,0,58.93,Moderate,1.25,1.0,0.0,0.697,0.1,189.0,,-0.1388,-0.21622,-0.1488,-0.22622,0.01
5ce2d9070505002f,MAB1,2025-07-17,^FTAS,Paul Gill,Other Chief,T2,145.44,296920000,1,0,Financials,MAB1-2025-05-14,0,47.68,Moderate,1.25,0.7,0.0,0.697,0.1,189.0,,-0.1388,-0.21622,-0.1488,-0.22622,0.01
29919ea3943b9829,MAB1,2025-08-21,^FTAS,Paul Gill,Other Chief,T2,152,296920000,1,0,Financials,MAB1-2025-08-14,0,66.75,High,1.75,0.7,0.0,0.697,0.1,154.0,,-0.0869,-0.17296,-0.0969,-0.18296,0.01
818b4d8042429e43,MAB1,2025-08-21,^FTAS,Ben Thompson,CEO,T1a,152,296920000,1,0,Financials,MAB1-2025-08-14,0,82.5,Exceptional,1.75,1.0,0.0,0.697,0.1,154.0,,-0.0869,-0.17296,-0.0969,-0.18296,0.01
ae2476f3380bba51,MAB1,2025-08-29,^FTAS,Donna Imlach,PCA,T5,1857.3,296920000,1,0,Financials,MAB1-2025-08-14,0,82.5,Exceptional,1.75,1.0,0.0,0.697,0.1,146.0,,-0.05491,-0.10896,-0.06491,-0.11896,0.01
81053c6556223ac5,MAB1,2025-09-17,^FTAS,Ben Thompson,CEO,T1a,150.55,296920000,1,0,Financials,MAB1-2025-08-14,0,0.0,Low,0.0,1.0,0.0,0.697,0.1,127.0,,-0.03009,-0.04016,-0.04009,-0.05016,0.01
802a7b57930bcf90,MAB1,2025-09-17,^FTAS,Paul Gill,Other Chief,T2,150.55,296920000,1,0,Financials,MAB1-2025-08-14,0,0.0,Low,0.0,0.7,0.0,0.697,0.1,127.0,,-0.03009,-0.04016,-0.04009,-0.05016,0.01
789bef2df6dc0738,MAB1,2025-09-25,^FTAS,Emilie McCarthy,CFO,T1b,5329,296920000,1,0,Financials,MAB1-2025-08-14,0,22.32,Low,0.5,0.9,0.009,0.697,0.112,119.0,,-0.05114,-0.04102,-0.06114,-0.05102,0.01
4cb9c51663d1b78b,MAB1,2025-09-30,^FTAS,Donna Imlach,PCA,T5,1867.3,296920000,1,0,Financials,MAB1-2025-08-14,0,36.33,Low,0.75,1.0,0.0,0.697,0.172,114.0,,-0.04917,-0.07995,-0.05917,-0.08995,0.01
fd0941fcaf41aca7,MAB1,2025-10-16,^FTAS,Ben Thompson,CEO,T1a,149.51,296920000,1,0,Financials,MAB1-2025-08-14,0,64.87,High,1.25,1.0,0.0,0.697,0.364,98.0,,0.12793,-0.09878,0.11793,-0.10878,0.01
fc0b5de2d1d00bc3,MAB1,2025-10-16,^FTAS,Paul Gill,Other Chief,T2,149.51,296920000,1,0,Financials,MAB1-2025-08-14,0,53.62,Moderate,1.25,0.7,0.0,0.697,0.364,98.0,,0.12793,-0.09878,0.11793,-0.10878,0.01
ad534ac352f68e6b,MAB1,2026-05-01,^FTAS,Mortgage Advice Bureau,PCA,T5,211899.18,296920000,1,0,Financials,,0,100.0,Exceptional,1.75,1.0,0.542,0.697,0.786,19.0,4.0,0.04678,,0.03678,,0.01
d0977736731bbd95,MAB1,2026-05-21,^FTAS,Mortgage Advice Bureau,PDMR-only,T4,71.4,296920000,1,0,Financials,,0,9.26,Low,0.25,0.2,0.0,0.697,0.871,95.0,1.0,,,,,0.01
459d29f49e5e4974,MCB,2025-12-03,^FTAS,Mark Strickland,CFO,T1b,4778.56,279190000,1,0,Consumer Staples,,0,91.64,Exceptional,1.75,0.9,0.0,0.708,0.544,83.0,,0.127,0.2291,0.117,0.2191,0.01
10024d61f184af41,MER,2025-08-29,^FTAS,Jim Clarke,Parser fragment,T4,34913.6,317220000,1,0,Consumer Discretionary,MER-2025-08-07,0,44.3,Moderate,1.25,0.2,0.281,0.686,0.328,101.0,22.0,-0.07925,-0.0396,-0.08925,-0.0496,0.01
129650d7ecbac117,MER,2026-05-26,^FTAS,Lucas Critchley,Parser fragment,T4,20396.9,317220000,1,0,Consumer Discretionary,,0,50.02,Moderate,1.25,0.2,0.204,0.686,0.712,69.0,61.0,,,,,0.01
489fa6cea4edc954,MERC,2025-07-29,^FTAS,Jocelyne Bath,PDMR-only,T4,31661.47,121720000,1,0,Financials,MERC-2025-07-28,0,49.83,Moderate,1.25,0.2,0.267,0.849,0.0,,,-0.00682,-0.10866,-0.01682,-0.11866,0.01
a14b906009f6b47a,MERC,2025-07-29,^FTAS,Martin Glanfield,PDMR-only,T4,52344.69,121720000,1,0,Financials,MERC-2025-07-28,0,53.16,Moderate,1.25,0.2,0.34,0.849,0.0,,,-0.00682,-0.10866,-0.01682,-0.11866,0.01
d0750eb1a1da82e6,MERC,2026-01-26,^FTAS,James Sly,PDMR-only,T4,19999.98,121720000,1,0,Financials,,0,65.51,High,1.75,0.2,0.201,0.849,0.0,,,0.06636,0.07988,0.05636,0.06988,0.01
d08de6f7a9526b24,MERC,2026-04-08,^FTAS,Janine Nicholls,PDMR-only,T4,20430.89,121720000,1,0,Financials,,0,0.0,Low,0.0,0.2,0.204,0.849,0.0,,,0.06131,,0.05131,,0.01
faca5c02f1205d10,MGAM,2025-09-02,^FTAS,Jane Lodge,NED,T3,51500,623320000,0,0,Industrials,,0,33.5,Low,1.0,0.3,0.338,0.571,0.1,182.0,,-0.00689,0.05923,-0.01689,0.04923,0.01
4cf529806eaa105e,MGAM,2026-03-05,^FTAS,Damien Caby,CEO,T1a,28140,623320000,0,0,Industrials,,0,97.87,Exceptional,1.5,1.0,0.25,0.571,0.843,63.0,2.0,0.03054,,0.02054,,0.01
19a9cc0ecb058af3,MGAM,2026-03-09,^FTAS,Damien Caby,CEO,T1a,29680,623320000,0,0,Industrials,,0,100.0,Exceptional,1.75,1.0,0.258,0.571,0.832,59.0,6.0,0.06866,,0.05866,,0.01
71fac2a2d236b6c8,MGNS,2025-08-04,^FTAS,Kelly Gangotra Held With Pershing Nominees Limited,CFO,T1b,29764.76,2100000000,0,0,Industrials,,0,72.19,High,1.25,0.9,0.258,0.365,0.832,59.0,41.0,-0.09884,0.01535,-0.10884,0.00535,0.01
b8d12f4494e94a51,MGNS,2025-11-12,^FTAS,Mark Robson,NED,T3,1112.65,2100000000,0,0,Industrials,MGNS-2025-11-12,0,45.1,Moderate,1.5,0.3,0.0,0.365,0.724,68.0,41.0,0.04629,-0.05109,0.03629,-0.06109,0.01
45ee5146d8969c79,MICC,2026-05-01,^FTAS,Abhijit Bhattacharya,CFO,T1b,0,7840000000,0,0,Consumer Staples,MICC-2026-04-30,0,80.14,Exceptional,1.75,0.9,0.0,0.141,0.871,287.0,1.0,0.17676,,0.16676,,0.01
c37efe2eaf7bed27,MICC,2026-05-12,^FTAS,Ronald Schellekens,Other Chief,T2,0,7840000000,0,0,Consumer Staples,MICC-2026-04-30,0,68.28,High,2.0,0.7,0.0,0.141,0.557,276.0,12.0,0.12006,,0.11006,,0.01
68c701aaadcd1568,MICC,2026-05-13,^FTAS,Ronald Schellekens,Other Chief,T2,0,7840000000,0,0,Consumer Staples,MICC-2026-04-30,0,67.25,High,2.0,0.7,0.0,0.141,0.529,275.0,13.0,0.16375,,0.15375,,0.01
9dfce07379ab2023,MICC,2026-05-26,^FTAS,Julien Barraux,Other Chief,T2,0,7840000000,0,0,Consumer Staples,MICC-2026-04-30,0,51.82,Moderate,2.0,0.7,0.0,0.141,0.1,262.0,26.0,,,,,0.01
052a229a5401fba5,MKS,2025-07-07,^FTAS,S Berendji,Executive Director,T2,16830.58,7500000000,0,0,Consumer Discretionary,MKS-2025-07-04,0,39.18,Low,1.25,0.7,0.176,0.149,0.1,121.0,,-0.01397,-0.01405,-0.02397,-0.02405,0.01
5e40bbe1ef18d25e,MKS,2025-12-03,^FTAS,Sean Doyle,NED,T3,8444.42,7500000000,0,0,Consumer Discretionary,,0,16.35,Low,1.0,0.3,0.076,0.149,0.1,168.0,28.0,0.03523,-0.00343,0.02523,-0.01343,0.01
d0143b072fd24186,MNDI,2025-10-06,^FTAS,Philip Yea,Chair (executive),T7,44408.35,3300000000,0,0,Materials,MNDI-2025-10-06,0,59.54,Moderate,1.25,1.0,0.316,0.288,0.1,136.0,,-0.06069,-0.00229,-0.07069,-0.01229,0.01
63f66a0bd19a44f1,MNDI,2025-10-07,^FTAS,Svein Richard Brandtzaeg,NED,T3,8756.9,3300000000,0,0,Materials,MNDI-2025-10-06,0,24.47,Low,1.25,0.3,0.081,0.288,0.1,135.0,,-0.01389,0.0431,-0.02389,0.0331,0.01
1278b3f8fa55bfb4,MNDI,2025-10-07,^FTAS,Sucheta Govil,NED,T3,5455.58,3300000000,0,0,Materials,MNDI-2025-10-06,0,21.9,Low,1.25,0.3,0.013,0.288,0.1,135.0,,-0.01389,0.0431,-0.02389,0.0331,0.01
165e62c5f41a36fc,MNDI,2025-10-07,^FTAS,Kate Powell,PCA,T5,87399.12,3300000000,0,0,Materials,MNDI-2025-10-06,0,63.21,High,1.25,1.0,0.414,0.288,0.1,135.0,,-0.01389,0.0431,-0.02389,0.0331,0.01
7b8047c7c4f7fcd2,MNDI,2025-10-10,^FTAS,Dame Angela Strank,NED,T3,9916.89,3300000000,0,0,Materials,MNDI-2025-10-06,0,30.18,Low,1.5,0.3,0.099,0.288,0.1,132.0,,0.00245,-0.00622,-0.00755,-0.01622,0.01
80fe9fdbd74e8547,MNDI,2025-10-10,^FTAS,Lars Mallasch,NED,T3,86200,3300000000,0,0,Materials,MNDI-2025-10-06,0,44.26,Moderate,1.5,0.3,0.412,0.288,0.1,132.0,,0.00245,-0.00622,-0.00755,-0.01622,0.01
4ea7edad8dfef5b3,MNDI,2025-11-20,^FTAS,Andrew King,CEO,T1a,206600,3300000000,0,0,Materials,,0,75.71,High,1.25,1.0,0.539,0.288,0.448,91.0,,0.04088,-0.03763,0.03088,-0.04763,0.01
4c7077eb54af7da1,MNDI,2026-04-28,^FTAS,Cheryl Young,PCA,T5,37467.5,3300000000,0,0,Materials,,0,74.04,High,1.25,1.0,0.292,0.288,0.786,93.0,4.0,-0.0283,,-0.0383,,0.01
88c3c8506fdd441a,MNG,2025-10-22,^FTAS,Beno,Other Chief,T2,8762.02,7430000000,0,0,Financials,,0,57.09,Moderate,2.0,0.7,0.081,0.15,0.1,197.0,,0.02379,0.07844,0.01379,0.06844,0.01
a00cad77eba28c81,MNG,2026-05-05,^FTAS,Louise Shield,NED,T3,10759.57,7430000000,0,0,Financials,MNG-2026-04-30,0,31.28,Low,2.0,0.3,0.111,0.15,0.0,2.0,,0.05278,,0.04278,,0.01
f9258d529479b291,MNG,2026-05-05,^FTAS,Shawn Gamble,Other Chief,T2,88.42,7430000000,0,0,Financials,MNG-2026-04-30,0,48.62,Moderate,2.0,0.7,0.0,0.15,0.0,2.0,,0.05278,,0.04278,,0.01
ae9df55619bb644e,MNG,2026-05-22,^FTAS,Elisabeth Stheeman,NED,T3,9906.75,7430000000,0,0,Financials,MNG-2026-04-30,0,5.94,Low,0.25,0.3,0.099,0.15,0.471,103.0,15.0,,,,,0.01
c5acd57c1d0ce390,MONY,2025-09-10,^FTAS,Peter Duffy,CEO,T1a,1934,942790000,0,0,Technology,MONY-2025-09-08,0,10.71,Low,0.25,1.0,0.0,0.501,0.1,314.0,,-0.07473,-0.18829,-0.08473,-0.19829,0.01
660bdea4ed64e032,MONY,2025-09-10,^FTAS,Sophie Norton,PCA,T5,1934,942790000,0,0,Technology,MONY-2025-09-08,0,10.71,Low,0.25,1.0,0.0,0.501,0.1,314.0,,-0.07473,-0.18829,-0.08473,-0.19829,0.01
10336c9cacb981d0,MONY,2025-09-11,^FTAS,Mikey Smith,PDMR-only,T4,385.39,942790000,0,0,Technology,MONY-2025-09-08,0,4.71,Low,0.25,0.2,0.0,0.501,0.1,313.0,,-0.06051,-0.178,-0.07051,-0.188,0.01
38b1655dfd0508d3,MONY,2025-10-14,^FTAS,Mikey Smith,PDMR-only,T4,3.91,942790000,0,0,Technology,,0,18.82,Low,1.0,0.2,0.0,0.501,0.1,280.0,,-0.05299,-0.33774,-0.06299,-0.34774,0.01
29215e33aabea90c,MONY,2026-02-23,^FTAS,Rakesh Sharma,NED,T3,19999.69,942790000,0,0,Technology,,0,55.69,Moderate,2.0,0.3,0.201,0.501,0.1,148.0,,-0.00025,,-0.01025,,0.01
ece9417341cb5353,MPAC,2025-10-02,^FTSC,Clive Whiley,NED,T3,1024,78940000,1,1,Industrials,,0,61.3,High,1.5,0.3,0.0,0.922,0.643,105.0,9.0,0.12275,0.10579,0.11775,0.10079,0.005
584540937ce71273,MPAC,2026-02-02,^FTSC,Simon Kesterton,NED,T3,112.35,78940000,1,1,Industrials,,0,40.17,Moderate,1.0,0.3,0.0,0.922,0.604,78.0,18.0,-0.13048,-0.40224,-0.13548,-0.40724,0.005
d61ce4f2e13d2f7e,MSI,2026-03-31,^FTAS,The Michael Bell Grandchildren'S Trust,PCA,T5,49800,248090000,1,0,Industrials,,0,100.0,Exceptional,1.75,1.0,0.333,0.728,0.1,456.0,274.0,0.2335,,0.2235,,0.01
32ca69311790ad3f,MSLH,2025-07-17,^FTAS,Justin Lockwood,CFO,T1b,151.2,331030000,1,0,Materials,MSLH-2025-06-03,0,52.42,Moderate,1.25,0.9,0.0,0.679,0.0,8.0,,-0.32745,-0.39198,-0.33745,-0.40198,0.01
abf37bbace6da656,MSLH,2025-07-17,^FTAS,Simon Bourne,Other Chief,T2,148.5,331030000,1,0,Materials,MSLH-2025-06-03,0,44.92,Moderate,1.25,0.7,0.0,0.679,0.0,8.0,,-0.32745,-0.39198,-0.33745,-0.40198,0.01
054632a57f5d4674,MSLH,2025-07-17,^FTAS,Matthew Pullen,CEO,T1a,151.2,331030000,1,0,Materials,MSLH-2025-06-03,0,56.17,Moderate,1.25,1.0,0.0,0.679,0.0,8.0,,-0.32745,-0.39198,-0.33745,-0.40198,0.01
ed490b3031aabb78,MSLH,2025-08-11,^FTAS,Alison Lockwood,PCA,T5,10150,331030000,1,0,Materials,MSLH-2025-08-11,0,100.0,Exceptional,1.75,1.0,0.102,0.679,0.58,80.0,17.0,-0.16209,-0.18062,-0.17209,-0.19062,0.01
610228e0dd9dcd7e,MSLH,2025-08-11,^FTAS,Amanda Bourne,PCA,T5,1890.5,331030000,1,0,Materials,MSLH-2025-08-11,0,96.91,Exceptional,1.75,1.0,0.0,0.679,0.58,80.0,17.0,-0.16209,-0.18062,-0.17209,-0.19062,0.01
698f22ead509a170,MSLH,2025-08-12,^FTAS,Matthew Pullen,CEO,T1a,15932.04,331030000,1,0,Materials,MSLH-2025-08-11,0,100.0,Exceptional,1.75,1.0,0.168,0.679,0.871,79.0,1.0,-0.14867,-0.16758,-0.15867,-0.17758,0.01
e47700748d035005,MSLH,2025-09-10,^FTAS,Matthew Pullen,CEO,T1a,148.78,331030000,1,0,Materials,MSLH-2025-08-11,0,92.78,Exceptional,1.5,1.0,0.0,0.679,0.94,50.0,30.0,-0.02099,-0.12792,-0.03099,-0.13792,0.01
e9397d4d188f1cc4,MSLH,2025-09-10,^FTAS,Simon Bourne,Other Chief,T2,150.51,331030000,1,0,Materials,MSLH-2025-08-11,0,79.28,High,1.5,0.7,0.0,0.679,0.94,50.0,30.0,-0.02099,-0.12792,-0.03099,-0.13792,0.01
78e61fd84d9d8e72,MSLH,2025-09-10,^FTAS,Justin Lockwood,CFO,T1b,148.78,331030000,1,0,Materials,MSLH-2025-08-11,0,88.28,Exceptional,1.5,0.9,0.0,0.679,0.94,50.0,30.0,-0.02099,-0.12792,-0.03099,-0.13792,0.01
c55dc732341a2665,MSLH,2025-10-09,^FTAS,Justin Lockwood,CFO,T1b,149.6,331030000,1,0,Materials,MSLH-2025-08-11,0,65.6,High,1.5,0.9,0.0,0.679,0.1,21.0,59.0,-0.04754,-0.10026,-0.05754,-0.11026,0.01
3e58e9902e04f657,MSLH,2025-10-09,^FTAS,Simon Bourne,Other Chief,T2,147.84,331030000,1,0,Materials,MSLH-2025-08-11,0,56.6,Moderate,1.5,0.7,0.0,0.679,0.1,21.0,59.0,-0.04754,-0.10026,-0.05754,-0.11026,0.01
c4b665dae977dc2f,MSLH,2025-10-09,^FTAS,Matthew Pullen,CEO,T1a,149.6,331030000,1,0,Materials,MSLH-2025-08-11,0,70.1,High,1.5,1.0,0.0,0.679,0.1,21.0,59.0,-0.04754,-0.10026,-0.05754,-0.11026,0.01
64d4370d92aa621b,MSLH,2025-11-10,^FTAS,Simon Bourne,Other Chief,T2,150.41,331030000,1,0,Materials,MSLH-2025-11-03,0,58.1,Moderate,1.25,0.7,0.0,0.679,0.586,2.0,11.0,0.061,-0.18716,0.051,-0.19716,0.01
2c9ca5ca4e3470ce,MSLH,2025-11-10,^FTAS,Justin Lockwood,CFO,T1b,148.72,331030000,1,0,Materials,MSLH-2025-11-03,0,65.6,High,1.25,0.9,0.0,0.679,0.586,2.0,11.0,0.061,-0.18716,0.051,-0.19716,0.01
51749bb0a22b53d0,MSLH,2025-11-10,^FTAS,Matthew Pullen,CEO,T1a,148.72,331030000,1,0,Materials,MSLH-2025-11-03,0,69.35,High,1.25,1.0,0.0,0.679,0.586,2.0,11.0,0.061,-0.18716,0.051,-0.19716,0.01
2f4ed762c51626d7,MSLH,2026-01-09,^FTAS,Justin Lockwood,CFO,T1b,150.45,331030000,1,0,Materials,MSLH-2026-01-05,0,84.89,Exceptional,1.5,0.9,0.0,0.679,0.814,10.0,3.0,-0.05492,-0.27852,-0.06492,-0.28852,0.01
909f3ab99b14de83,MSLH,2026-01-09,^FTAS,Simon Bourne,CEO,T1a,148.68,331030000,1,0,Materials,MSLH-2026-01-05,0,89.39,Exceptional,1.5,1.0,0.0,0.679,0.814,10.0,3.0,-0.05492,-0.27852,-0.06492,-0.28852,0.01
5a16c443928cfafb,MSLH,2026-02-13,^FTAS,Justin Lockwood,CFO,T1b,148.52,331030000,1,0,Materials,MSLH-2026-01-05,0,59.94,Moderate,1.0,0.9,0.0,0.679,1.0,31.0,25.0,-0.15503,-0.16201,-0.16503,-0.17201,0.01
4a6d07200d5fa33b,MSLH,2026-02-13,^FTAS,Simon Bourne,CEO,T1a,150.1,331030000,1,0,Materials,MSLH-2026-01-05,0,62.94,High,1.0,1.0,0.0,0.679,1.0,31.0,25.0,-0.15503,-0.16201,-0.16503,-0.17201,0.01
e1f4e31957401f53,MSLH,2026-03-11,^FTAS,Justin Lockwood,CFO,T1b,149.6,331030000,1,0,Materials,MSLH-2026-01-05,0,43.74,Moderate,1.0,0.9,0.0,0.679,0.1,5.0,51.0,-0.06835,,-0.07835,,0.01
783f039716d233ba,MSLH,2026-03-11,^FTAS,Simon Bourne,CEO,T1a,149.6,331030000,1,0,Materials,MSLH-2026-01-05,0,46.74,Moderate,1.0,1.0,0.0,0.679,0.1,5.0,51.0,-0.06835,,-0.07835,,0.01
efd53e11696ba854,MSLH,2026-04-15,^FTAS,Simon Bourne,CEO,T1a,149.1,331030000,1,0,Materials,MSLH-2026-04-07,0,46.74,Moderate,1.0,1.0,0.0,0.679,0.1,28.0,30.0,-0.02808,,-0.03808,,0.01
166652e04d07b99d,MSLH,2026-04-15,^FTAS,Justin Lockwood,CFO,T1b,150.52,331030000,1,0,Materials,MSLH-2026-04-07,0,43.74,Moderate,1.0,0.9,0.0,0.679,0.1,28.0,30.0,-0.02808,,-0.03808,,0.01
2882760eda48bf11,MSLH,2026-05-14,^FTAS,Amanda Bourne,PCA,T5,11865.42,331030000,1,0,Materials,MSLH-2026-04-07,0,96.56,Exceptional,1.5,1.0,0.125,0.679,0.871,88.0,1.0,0.12365,,0.11365,,0.01
3c0b5a7087279c3c,MSLH,2026-05-14,^FTAS,Avis Darzins,NED,T3,9884.7,331030000,1,0,Materials,MSLH-2026-04-07,0,63.87,High,1.5,0.3,0.099,0.679,0.871,88.0,1.0,0.12365,,0.11365,,0.01
55acc38b947fe2c0,MSLH,2026-05-14,^FTAS,Alison Lockwood,PCA,T5,9933.94,331030000,1,0,Materials,MSLH-2026-04-07,0,95.41,Exceptional,1.5,1.0,0.099,0.679,0.871,88.0,1.0,0.12365,,0.11365,,0.01
0d4cdcdc3444d954,MSLH,2026-05-14,^FTAS,Paul Inman,NED,T3,4925,331030000,1,0,Materials,MSLH-2026-04-07,0,59.43,Moderate,1.5,0.3,0.0,0.679,0.871,88.0,1.0,0.12365,,0.11365,,0.01
956f7714caf5b766,MSLH,2026-05-14,^FTAS,Vanda Murray,Chair (executive),T7,12600,331030000,1,0,Materials,MSLH-2026-04-07,0,96.95,Exceptional,1.5,1.0,0.134,0.679,0.871,88.0,1.0,0.12365,,0.11365,,0.01
0845705423947cb4,MSLH,2026-05-15,^FTAS,Simon Bourne,CEO,T1a,149.64,331030000,1,0,Materials,MSLH-2026-04-07,0,90.16,Exceptional,1.5,1.0,0.0,0.679,0.843,87.0,2.0,0.09761,,0.08761,,0.01
3aa349fa5e6cce6a,MSLH,2026-05-15,^FTAS,Justin Lockwood,CFO,T1b,149.64,331030000,1,0,Materials,MSLH-2026-04-07,0,85.66,Exceptional,1.5,0.9,0.0,0.679,0.843,87.0,2.0,0.09761,,0.08761,,0.01
1a29522de098516d,MTU,2025-07-07,^FTAS,Barbara Powely,NED,T3,10292.3,121840000,1,0,Financials,MTU-2025-07-07,0,46.96,Moderate,1.25,0.3,0.105,0.849,0.0,,,-0.067,-0.13062,-0.077,-0.14062,0.01
a65f84b8db4ba019,MTU,2025-07-23,^FTAS,Catriona Hoare,NED,T3,12183.43,121840000,1,0,Financials,MTU-2025-07-07,0,48.08,Moderate,1.25,0.3,0.129,0.849,0.0,,,-0.04526,-0.05598,-0.05526,-0.06598,0.01
37cdaf53bd987cd0,MWY,2026-03-06,^FTAS,David Kidd,NED,T3,37110.79,212680000,1,0,Financials,MWY-2026-02-27,0,62.73,High,1.5,0.3,0.29,0.754,0.0,,,-0.01783,,-0.02783,,0.01
8deb0699ee1bd79e,MWY,2026-03-27,^FTAS,Anulika Malomo,NED,T3,3256.98,212680000,1,0,Financials,MWY-2026-02-27,0,0.0,Low,0.0,0.3,0.0,0.754,0.0,,,0.00634,,-0.00366,,0.01
d99bd9b4db31c2eb,MWY,2026-03-27,^FTAS,Anulika Malomo,NED,T3,2981.27,212680000,1,0,Financials,MWY-2026-02-27,0,0.0,Low,0.0,0.3,0.0,0.754,0.0,,,0.00634,,-0.00366,,0.01
3ad50affe9ab9036,NAR,2026-05-15,^FTAS,Kris Grimwood,CFO,T1b,1097.92,7050000,1,0,Technology,,0,25.4,Low,0.5,0.9,0.0,1.0,0.1,241.0,143.0,-0.13207,,-0.14207,,0.01
a1f307ef909061de,NAS,2026-02-24,^FTAS,Mhairi Jane Davidson Gilbert,PCA,T5,20346.15,491790000,1,0,Financials,NAS-2026-02-24,0,95.17,Exceptional,1.5,1.0,0.203,0.612,0.772,64.0,,-0.05454,,-0.06454,,0.01
1c9ba643e8d76d5a,NAS,2026-02-24,^FTAS,Fiona Gilbert,PDMR-only,T4,25895.8,491790000,1,0,Financials,NAS-2026-02-24,0,60.74,High,1.5,0.2,0.238,0.612,0.772,64.0,,-0.05454,,-0.06454,,0.01
3a2cdf2b55897498,NAS,2026-05-08,^FTAS,Mr E Moncreiffe,PCA,T5,4999.48,491790000,1,0,Financials,NAS-2026-05-06,0,96.3,Exceptional,1.75,1.0,0.0,0.612,0.643,356.0,9.0,0.04544,,0.03544,,0.01
a61530921e96dc7e,NAS,2026-05-08,^FTAS,Miss E M Moncreiffe,PCA,T5,4966.79,491790000,1,0,Financials,NAS-2026-05-06,0,96.3,Exceptional,1.75,1.0,0.0,0.612,0.643,356.0,9.0,0.04544,,0.03544,,0.01
aa9525412241d5fe,NAS,2026-05-08,^FTAS,Mr O Moncreiffe,PCA,T5,4996.63,491790000,1,0,Financials,NAS-2026-05-06,0,96.3,Exceptional,1.75,1.0,0.0,0.612,0.643,356.0,9.0,0.04544,,0.03544,,0.01
c2dd9d1f586b8718,NAS,2026-05-08,^FTAS,Miss A M Moncreiffe,PCA,T5,4999.76,491790000,1,0,Financials,NAS-2026-05-06,0,96.3,Exceptional,1.75,1.0,0.0,0.612,0.643,356.0,9.0,0.04544,,0.03544,,0.01
d86270852050d1d3,NAS,2026-05-08,^FTAS,Miss L L Moncreiffe,PCA,T5,4998.82,491790000,1,0,Financials,NAS-2026-05-06,0,96.3,Exceptional,1.75,1.0,0.0,0.612,0.643,356.0,9.0,0.04544,,0.03544,,0.01
a14b7d3413a3791d,NBPE,2026-05-06,^FTAS,Pawan Dhir,NED,T3,82800,563280000,0,0,Financials,,0,72.86,High,1.75,0.3,0.406,0.589,0.0,,,0.04844,,0.03844,,0.01
6ebd9b67d88726d1,NET,2026-03-17,^FTAS,Nigel Halkes,NED,T3,4872.5,214100000,1,0,Technology,NET-2026-03-17,0,27.36,Low,1.0,0.3,0.0,0.753,0.1,204.0,54.0,0.25834,,0.24834,,0.01
f17e67d318a1f4b7,NET,2026-03-31,^FTAS,James Platt,NED,T3,49200,214100000,1,0,Technology,NET-2026-03-17,0,9.32,Low,0.25,0.3,0.331,0.753,0.1,190.0,68.0,0.22249,,0.21249,,0.01
2d661f88f1c18ae7,NET,2026-03-31,^FTAS,James Ormondroyd,CEO,T1a,24225,214100000,1,0,Technology,NET-2026-03-17,0,13.8,Low,0.25,1.0,0.228,0.753,0.1,190.0,68.0,0.22249,,0.21249,,0.01
67af32038627744b,NET,2026-03-31,^FTAS,Henrik Bang,NED,T3,9677,214100000,1,0,Technology,NET-2026-03-17,0,7.56,Low,0.25,0.3,0.096,0.753,0.1,190.0,68.0,0.22249,,0.21249,,0.01
420062816a0d1435,NFG,2026-05-11,^FTAS,Mark Astaire,NED,T3,24660,274800000,1,0,Communication Services,,0,45.71,Moderate,1.0,0.3,0.231,0.711,0.786,134.0,4.0,-0.08994,,-0.09994,,0.01
b2c138c7a5727dff,NG,2026-05-19,^FTAS,Paula Rosput Reynolds,Chair (executive),T7,0,30000000000,0,0,Utilities,NG-2026-05-18,0,42.5,Moderate,1.25,1.0,0.0,0.1,0.1,170.0,,-0.01795,,-0.02795,,0.01
e28141d1ffcec8dc,NG,2026-05-20,^FTAS,Earl Shipp,NED,T3,0,30000000000,0,0,Utilities,NG-2026-05-18,0,16.25,Low,1.25,0.3,0.0,0.1,0.1,169.0,,,,,,0.01
28817f20beaade4f,NG,2026-05-22,^FTAS,Jacqui Ferguson,NED,T3,24809.29,30000000000,0,0,Utilities,NG-2026-05-18,0,24.95,Low,1.25,0.3,0.232,0.1,0.1,167.0,,,,,,0.01
660fa9584d0c6e30,NICL,2025-12-12,^FTAS,Liz McMeikan,NED,T3,18751.85,344440000,1,0,Consumer Staples,NICL-2025-12-11,0,71.29,High,1.5,0.3,0.191,0.672,1.0,33.0,134.0,-0.04199,-0.10917,-0.05199,-0.11917,0.01
dbd4661c77d5deb0,NICL,2025-12-16,^FTAS,Alan Williams,NED,T3,24249.75,344440000,1,0,Consumer Staples,NICL-2025-12-11,0,48.67,Moderate,1.5,0.3,0.229,0.672,0.1,29.0,138.0,-0.04065,-0.10272,-0.05065,-0.11272,0.01
fa1abdcaf57e8450,NIOX,2025-12-04,^FTAS,Sarah Duncan,CFO,T1b,3900.74,252520000,1,0,Health Care,,0,60.52,High,1.0,0.9,0.0,0.725,0.976,47.0,65.0,-0.12091,-0.2908,-0.13091,-0.3008,0.01
33a344eebe0e29a6,NIOX,2026-04-21,^FTAS,Sharon Emms,PCA,T5,19991.17,252520000,1,0,Health Care,,0,53.77,Moderate,1.0,1.0,0.201,0.725,0.1,156.0,28.0,0.04642,,0.03642,,0.01
3d34863304b66c1d,NTVO,2025-11-05,^FTAS,Rosa Maria Diaz Torres,CEO,T1a,3025.25,3010000,1,0,Materials,,0,80.7,Exceptional,1.5,1.0,0.0,1.0,0.1,208.0,,-0.24441,0.03293,-0.25441,0.02293,0.01
1d7b40d2e75eddaf,NWF,2026-02-16,^FTAS,Amanda Burton,NED,T3,24749.8,66710000,1,0,Energy,,0,46.38,Moderate,1.0,0.3,0.232,0.951,0.529,85.0,13.0,0.02651,0.01846,0.01651,0.00846,0.01
790cdbbc3072ac9b,NXT,2025-09-19,^FTAS,Amy Stirling,NED,T3,54910.35,15550000000,0,0,Consumer Discretionary,,0,35.11,Low,1.5,0.3,0.347,0.1,0.1,229.0,,0.1538,0.04578,0.1438,0.03578,0.01
c8762b54aac47a40,NXT,2026-04-27,^FTAS,Marcelle Stakol (pca),PCA,T5,31268.96,15550000000,0,0,Consumer Discretionary,NXT-2026-04-24,0,60.24,High,1.5,1.0,0.265,0.1,0.0,9.0,,0.05052,,0.04052,,0.01
fa54c00161cb5209,NXT,2026-05-07,^FTAS,Amy Stirling,NED,T3,49895.81,15550000000,0,0,Consumer Discretionary,NXT-2026-04-24,0,55.31,Moderate,1.5,0.3,0.333,0.1,0.871,90.0,1.0,0.06042,,0.05042,,0.01
c90164a2993416a2,OCDO,2026-03-03,^FTAS,Adam Warby,Chair (executive),T7,141453.26,1660000000,0,0,Consumer Staples,,0,67.06,High,1.0,1.0,0.484,0.405,0.757,133.0,5.0,0.01382,,0.00382,,0.01
46d7f19c1f464eff,ONT,2026-03-03,^FTAS,Duncan Tatton-Brown,Chair (executive),T7,100485,1270000000,0,0,Health Care,,0,85.79,Exceptional,1.25,1.0,0.434,0.451,0.871,132.0,1.0,0.0536,,0.0436,,0.01
07fea2202bbfd119,ONT,2026-04-02,^FTAS,Francis van Parys,CEO,T1a,99965.67,1270000000,0,0,Health Care,,0,58.61,Moderate,1.0,1.0,0.434,0.451,0.316,102.0,31.0,0.0124,,0.0024,,0.01
6eb2150a9cda71aa,ONT,2026-05-12,^FTAS,Nicholas Keher,CFO,T1b,24867.13,1270000000,0,0,Health Care,,0,58.21,Moderate,1.0,0.9,0.232,0.451,0.796,62.0,71.0,-0.04473,,-0.05473,,0.01
a0a723b92c11dea9,ONWD,2025-12-04,^FTAS,Maria Jose Freeman,PCA,T5,7568.55,42350000,1,0,Financials,,0,62.51,High,1.0,1.0,0.06,1.0,0.484,88.0,,0.02998,-0.17047,0.01998,-0.18047,0.01
df21e0de3cd2f1e7,ONWD,2026-04-17,^FTAS,Henry Freeman,NED,T3,5475.69,42350000,1,0,Financials,ONWD-2026-04-16,0,33.19,Low,1.0,0.3,0.013,1.0,0.1,319.0,46.0,0.03143,,0.02143,,0.01
e4d8ea47eb8420fd,ONWD,2026-04-17,^FTAS,Susan Norman,NED,T3,5347.05,42350000,1,0,Financials,ONWD-2026-04-16,0,33.09,Low,1.0,0.3,0.01,1.0,0.1,319.0,46.0,0.03143,,0.02143,,0.01
66c6e54d1db5300f,ONWD,2026-05-08,^FTAS,Andrew Henton,NED,T3,7590,42350000,1,0,Financials,ONWD-2026-04-16,0,60.57,High,1.75,0.3,0.06,1.0,0.1,298.0,67.0,0.00439,,-0.00561,,0.01
f3e3c84609eec428,OPT,2026-02-24,^FTAS,Julia Robertson,Chair (executive),T7,342.25,203410000,1,0,Health Care,,0,63.24,High,1.0,1.0,0.0,0.762,0.916,52.0,76.0,0.00189,,-0.00811,,0.01
469b5674015d2ea6,OVCT,2026-05-19,^FTAS,Geoffrey Gamble,Chair (executive),T7,63846.23,,0,0,Financials,,0,47.62,Moderate,0.75,1.0,0.369,0.5,0.0,,,-0.16049,,-0.17049,,0.01
5500b89408486ec5,OXB,2025-08-15,^FTSC,Dr. Roch Doliveux,NED,T3,301332.5,762360000,0,1,Health Care,OXB-2025-08-11,0,40.42,Moderate,1.0,0.3,0.593,0.537,0.1,193.0,,0.1191,0.14004,0.1141,0.13504,0.005
f5708a0f4762500e,OXB,2025-08-22,^FTSC,Kay Davies,NED,T3,19894.68,762360000,0,1,Health Care,OXB-2025-08-11,0,28.62,Low,1.0,0.3,0.2,0.537,0.1,186.0,,0.16475,0.09882,0.15975,0.09382,0.005
2b7cbc4d68b5c54d,OXB,2025-10-20,^FTSC,Dr. Heather Preston,NED,T3,36632.57,762360000,0,1,Health Care,,0,31.27,Low,1.0,0.3,0.288,0.537,0.1,127.0,,0.05867,-0.02414,0.05367,-0.02914,0.005
65d3179f0b9240a7,OXIG,2025-07-02,^FTAS,Richard Tyson,CEO,T1a,74997.48,1690000000,0,0,Technology,,0,52.4,Moderate,1.0,1.0,0.392,0.402,0.1,286.0,,-0.10678,-0.18097,-0.11678,-0.19097,0.01
bb424b1e0c7ebd8f,PAG,2025-09-29,^FTAS,Nigel Stewart Terrington,CEO,T1a,25956.19,1380000000,0,0,Financials,PAG-2025-09-29,0,36.42,Low,0.75,1.0,0.238,0.436,0.1,120.0,,-0.10943,-0.1129,-0.11943,-0.1229,0.01
517b2ddb363382b1,PAG,2025-09-29,^FTAS,Richard James Woodman,CFO,T1b,16396.09,1380000000,0,0,Financials,PAG-2025-09-29,0,32.67,Low,0.75,0.9,0.172,0.436,0.1,120.0,,-0.10943,-0.1129,-0.11943,-0.1229,0.01
3c3ad2e35d18df93,PAG,2025-12-04,^FTAS,Nigel Stewart Terrington,CEO,T1a,237584.45,1380000000,0,0,Financials,PAG-2025-12-04,0,72.43,High,1.0,1.0,0.559,0.436,0.892,54.0,,0.09708,-0.06846,0.08708,-0.07846,0.01
3c3006c0bc1c9489,PAG,2025-12-04,^FTAS,Richard James Woodman,CFO,T1b,144653.46,1380000000,0,0,Financials,PAG-2025-12-04,0,67.27,High,1.0,0.9,0.487,0.436,0.892,54.0,,0.09708,-0.06846,0.08708,-0.07846,0.01
a1f643ef0f0e2d02,PAG,2025-12-09,^FTAS,Richard James Woodman,CFO,T1b,121244.87,1380000000,0,0,Financials,PAG-2025-12-04,0,100.0,Exceptional,1.5,0.9,0.462,0.436,0.952,49.0,,0.05978,-0.09213,0.04978,-0.10213,0.01
f0d968748f091bfb,PAG,2026-03-06,^FTAS,Zoe Howorth,NED,T3,14922.52,1380000000,0,0,Financials,PAG-2026-03-06,0,37.72,Low,1.5,0.3,0.158,0.436,0.1,145.0,38.0,0.00965,,-0.00035,,0.01
c07fe6e40e8537ef,PAG,2026-03-10,^FTAS,Graeme Yorston,NED,T3,3933,1380000000,0,0,Financials,PAG-2026-03-06,0,0.0,Low,0.0,0.3,0.0,0.436,0.1,141.0,42.0,-0.01331,,-0.02331,,0.01
4ea02d39a7e32632,PAG,2026-03-11,^FTAS,Peter Hill,NED,T3,2993.12,1380000000,0,0,Financials,PAG-2026-03-06,0,0.0,Low,0.0,0.3,0.0,0.436,0.1,140.0,43.0,-0.02673,,-0.03673,,0.01
fcb346d54a12b853,PAGE,2026-03-05,^FTAS,Ben Stevens,NED,T3,99999.52,382350000,1,0,Industrials,PAGE-2026-03-05,0,81.61,Exceptional,1.5,0.3,0.434,0.654,1.0,36.0,3.0,-0.09268,,-0.10268,,0.01
1dec8925367c19b3,PAGE,2026-03-30,^FTAS,Paul Harrison,NED,T3,19811.35,382350000,1,0,Industrials,PAGE-2026-03-05,0,54.56,Moderate,1.75,0.3,0.199,0.654,0.1,11.0,25.0,-0.18211,,-0.19211,,0.01
fd411bb600d30d84,PEEL,2026-02-04,^FTAS,Billy Neve,CFO,T1b,7949.2,112130000,1,0,Financials,,0,87.14,Exceptional,1.75,0.9,0.067,0.863,0.1,299.0,65.0,-0.07708,-0.14372,-0.08708,-0.15372,0.01
c0c98ab05b10b6d2,PETS,2025-10-01,^FTAS,Ian Burke,Other / unclassified,T4,49498.26,811140000,0,0,Consumer Discretionary,PETS-2025-09-30,0,51.73,Moderate,1.75,0.2,0.332,0.527,0.112,119.0,,-0.04645,-0.06083,-0.05645,-0.07083,0.01
33d07a25a67930c5,PETS,2025-10-10,^FTAS,Roger Burnley,NED,T3,9904.91,811140000,0,0,Consumer Discretionary,PETS-2025-09-30,0,41.27,Moderate,1.5,0.3,0.099,0.527,0.22,110.0,,-0.01952,-0.06602,-0.02952,-0.07602,0.01
80a790e769c7facc,PFD,2025-09-18,^FTAS,Tim Elliott,NED,T3,1873.98,1720000000,0,0,Consumer Staples,,0,33.4,Low,1.0,0.3,0.0,0.399,0.868,56.0,63.0,-0.07501,-0.09407,-0.08501,-0.10407,0.01
8ada3d13b331c216,PGH,2025-11-07,^FTAS,Maria Darby-Walker,Parser fragment,T4,626.24,124450000,1,0,Financials,,0,25.95,Low,0.75,0.2,0.0,0.845,0.556,82.0,52.0,-0.05807,-0.17385,-0.06807,-0.18385,0.01
722152b39a40cb0c,PHP,2025-08-01,^FTAS,Richard Howell,CFO,T1b,68000.73,2340000000,0,0,Real Estate,PHP-2025-07-31,0,71.64,High,1.5,0.9,0.378,0.347,0.1,165.0,,-0.07007,-0.0666,-0.08007,-0.0766,0.01
803fcae7df5828ec,PHP,2025-08-04,^FTAS,Laure Duhot,NED,T3,19991.54,2340000000,0,0,Real Estate,PHP-2025-07-31,0,36.67,Low,1.5,0.3,0.201,0.347,0.1,162.0,,-0.07495,-0.06083,-0.08495,-0.07083,0.01
e3ed5b484d4826a3,PHP,2025-08-04,^FTAS,Mark Davies,CEO,T1a,36730.56,2340000000,0,0,Real Estate,PHP-2025-07-31,0,72.13,High,1.5,1.0,0.289,0.347,0.1,162.0,,-0.07495,-0.06083,-0.08495,-0.07083,0.01
c52a82be21f1aabb,PHP,2025-08-05,^FTAS,Mark Davies,CEO,T1a,74629.38,2340000000,0,0,Real Estate,PHP-2025-07-31,0,76.75,High,1.5,1.0,0.391,0.347,0.1,161.0,,-0.07447,-0.06425,-0.08447,-0.07425,0.01
5be2a9d55d24b378,PHP,2025-08-18,^FTAS,Harry Hyman,NED,T3,3681.94,2340000000,0,0,Real Estate,PHP-2025-07-31,0,23.03,Low,1.25,0.3,0.0,0.347,0.1,148.0,,-0.02258,-0.01131,-0.03258,-0.02131,0.01
681b84464f978525,PHP,2025-08-19,^FTAS,Ian Krieger,NED,T3,149938.8,2340000000,0,0,Real Estate,PHP-2025-07-31,0,49.8,Moderate,1.5,0.3,0.492,0.347,0.1,147.0,,-0.02943,-0.01486,-0.03943,-0.02486,0.01
5d5d96d6639d0918,PHP,2025-09-19,^FTAS,Claire Murphy,PCA,T5,206555.09,2340000000,0,0,Real Estate,,0,56.45,Moderate,1.0,1.0,0.539,0.347,0.148,116.0,,0.00036,0.09042,-0.00964,0.08042,0.01
d8c16676dd4b67c1,PHP,2025-11-24,^FTAS,Harry Hyman,NED,T3,4014.8,2340000000,0,0,Real Estate,,0,41.93,Moderate,1.25,0.3,0.0,0.347,0.94,50.0,,0.03566,-0.10171,0.02566,-0.11171,0.01
0ae159fe2606c97d,PHP,2026-03-16,^FTAS,Harry Hyman,NED,T3,4205.65,2340000000,0,0,Real Estate,,0,53.85,Moderate,1.75,0.3,0.0,0.347,0.786,1.0,4.0,-0.07966,,-0.08966,,0.01
b7ac9477a1197407,PHP,2026-05-12,^FTAS,Harry Hyman,NED,T3,4603.92,2340000000,0,0,Real Estate,,0,28.58,Low,1.0,0.3,0.0,0.347,0.664,73.0,13.0,0.01339,,0.00339,,0.01
21d203c8106beec2,PINE,2025-07-07,^FTAS,Oliver Mann,CFO,T1b,29836.15,292350000,1,0,Technology,PINE-2025-06-25,0,64.95,High,1.25,0.9,0.259,0.7,0.1,289.0,,0.09548,-0.37281,0.08548,-0.38281,0.01
a15d694745c5d573,PINE,2025-07-25,^FTAS,Dietmar Exler,NED,T3,5380.2,292350000,1,0,Technology,PINE-2025-06-25,0,26.52,Low,1.0,0.3,0.011,0.7,0.1,271.0,,0.08523,-0.2986,0.07523,-0.3086,0.01
2cb038ec00d41768,PINE,2025-08-26,^FTAS,Dietmar Exler,NED,T3,5240,292350000,1,0,Technology,,0,6.6,Low,0.25,0.3,0.007,0.7,0.1,239.0,,-0.21793,-0.3907,-0.22793,-0.4007,0.01
80a0324f5ae1b303,PINE,2025-09-25,^FTAS,Dietmar Exler,NED,T3,5001.8,292350000,1,0,Technology,,0,13.1,Low,0.5,0.3,0.0,0.7,0.1,209.0,,-0.22385,-0.02231,-0.23385,-0.03231,0.01
96f8c1bf48bf8aab,PINE,2025-12-01,^FTAS,William Berman,CEO,T1a,49628.36,292350000,1,0,Technology,,0,57.17,Moderate,1.0,1.0,0.332,0.7,0.1,142.0,,-0.08691,-0.49911,-0.09691,-0.50911,0.01
1ec49eecee564cc3,PINE,2026-02-16,^FTAS,Jemima Bird,NED,T3,49997.36,292350000,1,0,Technology,PINE-2026-02-16,0,84.14,Exceptional,1.75,0.3,0.333,0.7,0.76,65.0,,-0.2393,-0.11634,-0.2493,-0.12634,0.01
5a604b8b289c3045,PINE,2026-02-16,^FTAS,Dietmar Exler,NED,T3,7375,292350000,1,0,Technology,PINE-2026-02-16,0,69.6,High,1.75,0.3,0.056,0.7,0.76,65.0,,-0.2393,-0.11634,-0.2493,-0.12634,0.01
0b17db0ec2e45b80,PINE,2026-02-16,^FTAS,Oliver Mann,CFO,T1b,49738.12,292350000,1,0,Technology,PINE-2026-02-16,0,100.0,Exceptional,1.75,0.9,0.333,0.7,0.76,65.0,,-0.2393,-0.11634,-0.2493,-0.12634,0.01
9db99506bef0671c,PINE,2026-02-17,^FTAS,Brian Small,NED,T3,19568.21,292350000,1,0,Technology,PINE-2026-02-16,0,77.39,High,1.75,0.3,0.198,0.7,0.772,64.0,,-0.27624,-0.12082,-0.28624,-0.13082,0.01
04cc5492d1826332,PINE,2026-02-19,^FTAS,William Berman,CEO,T1a,49628.33,292350000,1,0,Technology,PINE-2026-02-16,0,100.0,Exceptional,2.0,1.0,0.332,0.7,0.796,62.0,,-0.29816,-0.09078,-0.30816,-0.10078,0.01
26f227da54f06637,PNN,2025-12-09,^FTAS,David Sproul,Chair (executive),T7,24843.6,2430000000,0,0,Utilities,,0,54.48,Moderate,1.0,1.0,0.232,0.34,0.557,91.0,12.0,-0.0173,-0.07698,-0.0273,-0.08698,0.01
cca78c5f5e8574f2,POLN,2026-03-26,^FTAS,Crispin Goldsmith,CFO,T1b,27305.91,501940000,0,0,Financials,,0,0.0,Low,0.0,0.9,0.246,0.608,1.0,42.0,128.0,0.01017,,0.00017,,0.01
552ff5bc84481bdd,POLN,2026-05-06,^FTAS,Crispin Goldsmith,CFO,T1b,2430.68,501940000,0,0,Financials,,0,73.82,High,1.75,0.9,0.0,0.608,0.1,1.0,41.0,0.01336,,0.00336,,0.01
2292a8de7835de74,POLN,2026-05-11,^FTAS,Crispin Goldsmith,CFO,T1b,59.48,501940000,0,0,Financials,,0,81.79,Exceptional,1.5,0.9,0.0,0.608,0.786,,4.0,-0.02314,,-0.03314,,0.01
867a09f037a354d6,POLR,2025-08-19,^FTAS,Rachel Stynes,Other / unclassified,T4,4778.38,783520000,0,0,Financials,,0,39.03,Low,2.0,0.2,0.0,0.533,0.1,314.0,,-0.02144,0.03985,-0.03144,0.02985,0.01
24c3f902fe8bd676,POLR,2026-04-30,^FTAS,Iain Evans,CEO,T1a,168172.13,783520000,0,0,Financials,POLR-2026-04-29,0,89.68,Exceptional,1.25,1.0,0.509,0.533,0.82,60.0,,0.27341,,0.26341,,0.01
6338eb88b0538244,POLR,2026-04-30,^FTAS,Alexander Black,Other Chief,T2,140509.69,783520000,0,0,Financials,POLR-2026-04-29,0,77.45,High,1.25,0.7,0.483,0.533,0.82,60.0,,0.27341,,0.26341,,0.01
58a9feb89f3fccd2,POLR,2026-04-30,^FTAS,Nicholas Farren,Other Chief,T2,122337.93,783520000,0,0,Financials,POLR-2026-04-29,0,76.7,High,1.25,0.7,0.463,0.533,0.82,60.0,,0.27341,,0.26341,,0.01
17769c3e5f51e899,POLR,2026-04-30,^FTAS,Samir Ayub,CFO,T1b,139849.77,783520000,0,0,Financials,POLR-2026-04-29,0,84.93,Exceptional,1.25,0.9,0.482,0.533,0.82,60.0,,0.27341,,0.26341,,0.01
f7260426c2a3d5f4,PROC,2026-03-26,^FTAS,Meg Lustman,NED,T3,10103.61,39020000,1,0,Consumer Discretionary,,0,44.82,Moderate,1.25,0.3,0.102,1.0,0.1,19.0,71.0,0.09301,,0.08301,,0.01
4bfa436b29727c6c,PRU,2025-07-15,^FTAS,Solmaz Altin,Divisional / Regional Exec,T2,392.69,23790000000,0,0,Financials,PRU-2025-07-11,0,31.25,Low,1.25,0.7,0.0,0.1,0.1,407.0,,0.00417,0.06567,-0.00583,0.05567,0.01
19db89d89ee9da0f,PRU,2025-07-15,^FTAS,Avnish Kalra,Other Chief,T2,365.3,23790000000,0,0,Financials,PRU-2025-07-11,0,31.25,Low,1.25,0.7,0.0,0.1,0.1,407.0,,0.00417,0.06567,-0.00583,0.05567,0.01
8676624626b1a254,PRU,2025-07-15,^FTAS,Catherine Chia,Other Chief,T2,365.3,23790000000,0,0,Financials,PRU-2025-07-11,0,31.25,Low,1.25,0.7,0.0,0.1,0.1,407.0,,0.00417,0.06567,-0.00583,0.05567,0.01
b36464e187077a4d,PRU,2025-07-15,^FTAS,Kenneth Rappold,Other Chief,T2,365.3,23790000000,0,0,Financials,PRU-2025-07-11,0,31.25,Low,1.25,0.7,0.0,0.1,0.1,407.0,,0.00417,0.06567,-0.00583,0.05567,0.01
cd27fc329900377f,PRU,2025-07-15,^FTAS,Dennis Tan,Divisional / Regional Exec,T2,392.69,23790000000,0,0,Financials,PRU-2025-07-11,0,31.25,Low,1.25,0.7,0.0,0.1,0.1,407.0,,0.00417,0.06567,-0.00583,0.05567,0.01
4a39d6c2d6d2f1d2,PRU,2025-07-15,^FTAS,Ben Bulmer,CFO,T1b,365.3,23790000000,0,0,Financials,PRU-2025-07-11,0,38.75,Low,1.25,0.9,0.0,0.1,0.1,407.0,,0.00417,0.06567,-0.00583,0.05567,0.01
e5ca5fb539a5174b,PRU,2025-08-13,^FTAS,Kenneth Rappold,Other Chief,T2,378.84,23790000000,0,0,Financials,PRU-2025-08-11,0,25.0,Low,1.0,0.7,0.0,0.1,0.1,378.0,,0.04311,0.08366,0.03311,0.07366,0.01
d70af4c5a58e3837,PRU,2025-08-13,^FTAS,Avnish Kalra,Other Chief,T2,369.12,23790000000,0,0,Financials,PRU-2025-08-11,0,25.0,Low,1.0,0.7,0.0,0.1,0.1,378.0,,0.04311,0.08366,0.03311,0.07366,0.01
372808f82f5b9101,PRU,2025-08-13,^FTAS,Ben Bulmer,Other Chief,T2,369.12,23790000000,0,0,Financials,PRU-2025-08-11,0,25.0,Low,1.0,0.7,0.0,0.1,0.1,378.0,,0.04311,0.08366,0.03311,0.07366,0.01
b75d44c004927ad9,PRU,2025-08-13,^FTAS,Dennis Tan,Divisional / Regional Exec,T2,388.55,23790000000,0,0,Financials,PRU-2025-08-11,0,25.0,Low,1.0,0.7,0.0,0.1,0.1,378.0,,0.04311,0.08366,0.03311,0.07366,0.01
27f7ac7847e7ffb5,PRU,2025-09-12,^FTAS,Kenneth Rappold,Other Chief,T2,378.2,23790000000,0,0,Financials,PRU-2025-08-11,0,25.0,Low,1.0,0.7,0.0,0.1,0.1,348.0,,-0.02668,0.04999,-0.03668,0.03999,0.01
c8510d3ee3d8fafc,PRU,2025-09-12,^FTAS,Avnish Kalra,Other Chief,T2,367.98,23790000000,0,0,Financials,PRU-2025-08-11,0,25.0,Low,1.0,0.7,0.0,0.1,0.1,348.0,,-0.02668,0.04999,-0.03668,0.03999,0.01
18e5c9669b1ca591,PRU,2025-09-12,^FTAS,Dennis Tan,Divisional / Regional Exec,T2,388.42,23790000000,0,0,Financials,PRU-2025-08-11,0,25.0,Low,1.0,0.7,0.0,0.1,0.1,348.0,,-0.02668,0.04999,-0.03668,0.03999,0.01
12bc5665136bc487,PRU,2025-09-12,^FTAS,Ben Bulmer,Other Chief,T2,367.98,23790000000,0,0,Financials,PRU-2025-08-11,0,25.0,Low,1.0,0.7,0.0,0.1,0.1,348.0,,-0.02668,0.04999,-0.03668,0.03999,0.01
5c0ddf9a17db832d,PRU,2025-10-14,^FTAS,Catherine Chia,Other Chief,T2,3918.28,23790000000,0,0,Financials,PRU-2025-08-11,0,25.0,Low,1.0,0.7,0.0,0.1,0.1,316.0,,0.02078,-0.01997,0.01078,-0.02997,0.01
a4ceaf4149fefc04,PRU,2025-10-14,^FTAS,Dennis Tan,Divisional / Regional Exec,T2,4024.18,23790000000,0,0,Financials,PRU-2025-08-11,0,25.0,Low,1.0,0.7,0.0,0.1,0.1,316.0,,0.02078,-0.01997,0.01078,-0.02997,0.01
8d62d595b5196c8b,PRU,2025-10-14,^FTAS,Avnish Kalra,Other Chief,T2,4341.88,23790000000,0,0,Financials,PRU-2025-08-11,0,25.0,Low,1.0,0.7,0.0,0.1,0.1,316.0,,0.02078,-0.01997,0.01078,-0.02997,0.01
78180cc80c7f76d0,PRU,2025-10-14,^FTAS,Kenneth Rappold,Other Chief,T2,4024.18,23790000000,0,0,Financials,PRU-2025-08-11,0,25.0,Low,1.0,0.7,0.0,0.1,0.1,316.0,,0.02078,-0.01997,0.01078,-0.02997,0.01
049779161d13bde3,PRU,2025-10-14,^FTAS,Ben Bulmer,CFO,T1b,3918.28,23790000000,0,0,Financials,PRU-2025-08-11,0,31.0,Low,1.0,0.9,0.0,0.1,0.1,316.0,,0.02078,-0.01997,0.01078,-0.02997,0.01
aab052d723dc7b61,PRU,2025-10-21,^FTAS,Ben Bulmer,CFO,T1b,377.76,23790000000,0,0,Financials,PRU-2025-08-11,0,62.0,High,2.0,0.9,0.0,0.1,0.1,309.0,,0.05625,-0.02727,0.04625,-0.03727,0.01
0833519f78d32dba,PRU,2025-10-21,^FTAS,Dennis Tan,Divisional / Regional Exec,T2,183.78,23790000000,0,0,Financials,PRU-2025-08-11,0,50.0,Moderate,2.0,0.7,0.0,0.1,0.1,309.0,,0.05625,-0.02727,0.04625,-0.03727,0.01
9bc5b70d09b55307,PRU,2025-10-21,^FTAS,Avnish Kalra,Other Chief,T2,347.13,23790000000,0,0,Financials,PRU-2025-08-11,0,50.0,Moderate,2.0,0.7,0.0,0.1,0.1,309.0,,0.05625,-0.02727,0.04625,-0.03727,0.01
1e084337e8ec2a06,PRU,2025-10-24,^FTAS,Anil Wadhwani,CEO,T1a,166627.8,23790000000,0,0,Financials,PRU-2025-08-11,0,98.46,Exceptional,2.0,1.0,0.508,0.1,0.1,306.0,,0.03946,-0.02677,0.02946,-0.03677,0.01
d553cc9a3d936a75,PRU,2025-11-20,^FTAS,Ben Bulmer,CFO,T1b,425.8,23790000000,0,0,Financials,PRU-2025-08-11,0,15.5,Low,0.5,0.9,0.0,0.1,0.1,279.0,,0.07636,-0.06982,0.06636,-0.07982,0.01
aecc78fb753095ee,PRU,2025-11-20,^FTAS,Avnish Kalra,Other Chief,T2,425.8,23790000000,0,0,Financials,PRU-2025-08-11,0,12.5,Low,0.5,0.7,0.0,0.1,0.1,279.0,,0.07636,-0.06982,0.06636,-0.07982,0.01
9c3f936937805433,PRU,2025-11-20,^FTAS,Catherine Chia,Other Chief,T2,383.22,23790000000,0,0,Financials,PRU-2025-08-11,0,12.5,Low,0.5,0.7,0.0,0.1,0.1,279.0,,0.07636,-0.06982,0.06636,-0.07982,0.01
8cf2a3b4a3eb2f51,PRU,2025-11-20,^FTAS,Kenneth Rappold,Other Chief,T2,393.87,23790000000,0,0,Financials,PRU-2025-08-11,0,12.5,Low,0.5,0.7,0.0,0.1,0.1,279.0,,0.07636,-0.06982,0.06636,-0.07982,0.01
2cd496340adcb591,PRU,2025-11-20,^FTAS,Dennis Tan,Divisional / Regional Exec,T2,383.22,23790000000,0,0,Financials,PRU-2025-08-11,0,12.5,Low,0.5,0.7,0.0,0.1,0.1,279.0,,0.07636,-0.06982,0.06636,-0.07982,0.01
4e96625c2294af3f,PRU,2025-12-15,^FTAS,Avnish Kalra,Other Chief,T2,423.86,23790000000,0,0,Financials,PRU-2025-08-11,0,25.0,Low,1.0,0.7,0.0,0.1,0.1,254.0,,0.03626,-0.04471,0.02626,-0.05471,0.01
bfa1e9b05c81c16a,PRU,2025-12-15,^FTAS,Dennis Tan,Divisional / Regional Exec,T2,391.25,23790000000,0,0,Financials,PRU-2025-08-11,0,25.0,Low,1.0,0.7,0.0,0.1,0.1,254.0,,0.03626,-0.04471,0.02626,-0.05471,0.01
bc3a3e7affe2043a,PRU,2025-12-15,^FTAS,Ben Bulmer,CFO,T1b,423.86,23790000000,0,0,Financials,PRU-2025-08-11,0,31.0,Low,1.0,0.9,0.0,0.1,0.1,254.0,,0.03626,-0.04471,0.02626,-0.05471,0.01
8c45bd8fef56ef93,PRU,2025-12-15,^FTAS,Catherine Chia,Other Chief,T2,380.39,23790000000,0,0,Financials,PRU-2025-08-11,0,25.0,Low,1.0,0.7,0.0,0.1,0.1,254.0,,0.03626,-0.04471,0.02626,-0.05471,0.01
6788f803092e8942,PRU,2025-12-15,^FTAS,Kenneth Rappold,Other Chief,T2,391.25,23790000000,0,0,Financials,PRU-2025-08-11,0,25.0,Low,1.0,0.7,0.0,0.1,0.1,254.0,,0.03626,-0.04471,0.02626,-0.05471,0.01
0de69e951f9c42eb,PRU,2026-01-15,^FTAS,Dennis Tan,Divisional / Regional Exec,T2,383.07,23790000000,0,0,Financials,PRU-2026-01-12,0,37.5,Low,1.5,0.7,0.0,0.1,0.1,223.0,,-0.08838,-0.07544,-0.09838,-0.08544,0.01
aa20e1fea4f52e1a,PRU,2026-01-15,^FTAS,Rajeev Mittal,CEO,T1a,406.29,23790000000,0,0,Financials,PRU-2026-01-12,0,51.0,Moderate,1.5,1.0,0.0,0.1,0.1,223.0,,-0.08838,-0.07544,-0.09838,-0.08544,0.01
406773c1b3f0baf5,PRU,2026-01-15,^FTAS,Ben Bulmer,CFO,T1b,417.9,23790000000,0,0,Financials,PRU-2026-01-12,0,46.5,Moderate,1.5,0.9,0.0,0.1,0.1,223.0,,-0.08838,-0.07544,-0.09838,-0.08544,0.01
e260efbd070fc5e3,PRU,2026-01-15,^FTAS,Catherine Chia,Other Chief,T2,383.07,23790000000,0,0,Financials,PRU-2026-01-12,0,37.5,Low,1.5,0.7,0.0,0.1,0.1,223.0,,-0.08838,-0.07544,-0.09838,-0.08544,0.01
9aff946e009e36cb,PRU,2026-01-15,^FTAS,Anil Wadhwani,CEO,T1a,417.9,23790000000,0,0,Financials,PRU-2026-01-12,0,51.0,Moderate,1.5,1.0,0.0,0.1,0.1,223.0,,-0.08838,-0.07544,-0.09838,-0.08544,0.01
03c6cb3102e0dcc7,PRU,2026-01-15,^FTAS,Kenneth Rappold,Other Chief,T2,383.07,23790000000,0,0,Financials,PRU-2026-01-12,0,37.5,Low,1.5,0.7,0.0,0.1,0.1,223.0,,-0.08838,-0.07544,-0.09838,-0.08544,0.01
a029300842914c76,PRU,2026-01-15,^FTAS,Avnish Kalra,Other Chief,T2,417.9,23790000000,0,0,Financials,PRU-2026-01-12,0,37.5,Low,1.5,0.7,0.0,0.1,0.1,223.0,,-0.08838,-0.07544,-0.09838,-0.08544,0.01
399b8391af7c7658,PRU,2026-02-12,^FTAS,Kenneth Rappold,Other Chief,T2,378.88,23790000000,0,0,Financials,PRU-2026-01-12,0,37.5,Low,1.5,0.7,0.0,0.1,0.1,195.0,,0.02376,-0.08235,0.01376,-0.09235,0.01
9b19aa8670ebf320,PRU,2026-02-12,^FTAS,Rajeev Mittal,CEO,T1a,402.56,23790000000,0,0,Financials,PRU-2026-01-12,0,51.0,Moderate,1.5,1.0,0.0,0.1,0.1,195.0,,0.02376,-0.08235,0.01376,-0.09235,0.01
9521504bf99aa5c3,PRU,2026-02-12,^FTAS,Catherine Chia,Other Chief,T2,367.04,23790000000,0,0,Financials,PRU-2026-01-12,0,37.5,Low,1.5,0.7,0.0,0.1,0.1,195.0,,0.02376,-0.08235,0.01376,-0.09235,0.01
55cc9e7a80d091e5,PRU,2026-02-12,^FTAS,Avnish Kalra,Other Chief,T2,414.4,23790000000,0,0,Financials,PRU-2026-01-12,0,37.5,Low,1.5,0.7,0.0,0.1,0.1,195.0,,0.02376,-0.08235,0.01376,-0.09235,0.01
2c5ba22dfad66cf6,PRU,2026-02-12,^FTAS,Ben Bulmer,CFO,T1b,414.4,23790000000,0,0,Financials,PRU-2026-01-12,0,46.5,Moderate,1.5,0.9,0.0,0.1,0.1,195.0,,0.02376,-0.08235,0.01376,-0.09235,0.01
277a1382acb72a01,PRU,2026-02-12,^FTAS,Dennis Tan,Divisional / Regional Exec,T2,378.88,23790000000,0,0,Financials,PRU-2026-01-12,0,37.5,Low,1.5,0.7,0.0,0.1,0.1,195.0,,0.02376,-0.08235,0.01376,-0.09235,0.01
148ddb295090bd34,PRU,2026-02-12,^FTAS,Anil Wadhwani,CEO,T1a,414.4,23790000000,0,0,Financials,PRU-2026-01-12,0,51.0,Moderate,1.5,1.0,0.0,0.1,0.1,195.0,,0.02376,-0.08235,0.01376,-0.09235,0.01
432b737c331948c5,PRU,2026-03-13,^FTAS,Catherine Chia,Other Chief,T2,373.94,23790000000,0,0,Financials,PRU-2026-01-12,0,0.0,Low,0.0,0.7,0.0,0.1,0.1,166.0,,0.03382,,0.02382,,0.01
14aa19c16c9fa4cf,PRU,2026-03-13,^FTAS,Anil Wadhwani,CEO,T1a,417.93,23790000000,0,0,Financials,PRU-2026-01-12,0,0.0,Low,0.0,1.0,0.0,0.1,0.1,166.0,,0.03382,,0.02382,,0.01
0293c02aaf3c5fc9,PRU,2026-03-13,^FTAS,Dennis Tan,Divisional / Regional Exec,T2,384.94,23790000000,0,0,Financials,PRU-2026-01-12,0,0.0,Low,0.0,0.7,0.0,0.1,0.1,166.0,,0.03382,,0.02382,,0.01
efe8992cc7296116,PRU,2026-03-13,^FTAS,Kenneth Rappold,Other Chief,T2,384.94,23790000000,0,0,Financials,PRU-2026-01-12,0,0.0,Low,0.0,0.7,0.0,0.1,0.1,166.0,,0.03382,,0.02382,,0.01
edb69ed24e514d04,PRU,2026-03-13,^FTAS,Rajeev Mittal,CEO,T1a,417.93,23790000000,0,0,Financials,PRU-2026-01-12,0,0.0,Low,0.0,1.0,0.0,0.1,0.1,166.0,,0.03382,,0.02382,,0.01
7cf8bbb2597794f5,PRU,2026-03-13,^FTAS,Avnish Kalra,Other Chief,T2,417.93,23790000000,0,0,Financials,PRU-2026-01-12,0,0.0,Low,0.0,0.7,0.0,0.1,0.1,166.0,,0.03382,,0.02382,,0.01
5b646e0132a42d6d,PRU,2026-03-13,^FTAS,Ben Bulmer,CFO,T1b,417.93,23790000000,0,0,Financials,PRU-2026-01-12,0,0.0,Low,0.0,0.9,0.0,0.1,0.1,166.0,,0.03382,,0.02382,,0.01
001e9e7d059ceabc,PRU,2026-04-14,^FTAS,Avnish Kalra,Other Chief,T2,417.09,23790000000,0,0,Financials,PRU-2026-04-10,0,12.5,Low,0.5,0.7,0.0,0.1,0.1,134.0,,-0.02109,,-0.03109,,0.01
abe0143b765f3bd3,PRU,2026-04-14,^FTAS,Anil Wadhwani,CEO,T1a,417.09,23790000000,0,0,Financials,PRU-2026-04-10,0,17.0,Low,0.5,1.0,0.0,0.1,0.1,134.0,,-0.02109,,-0.03109,,0.01
b564ef198fc6792f,PRU,2026-04-14,^FTAS,Rajeev Mittal,CEO,T1a,405.81,23790000000,0,0,Financials,PRU-2026-04-10,0,17.0,Low,0.5,1.0,0.0,0.1,0.1,134.0,,-0.02109,,-0.03109,,0.01
922c6c4c08f98372,PRU,2026-04-14,^FTAS,Kenneth Rappold,Other Chief,T2,383.27,23790000000,0,0,Financials,PRU-2026-04-10,0,12.5,Low,0.5,0.7,0.0,0.1,0.1,134.0,,-0.02109,,-0.03109,,0.01
986fa2eee1a585d7,PRU,2026-04-14,^FTAS,Ben Bulmer,CFO,T1b,417.09,23790000000,0,0,Financials,PRU-2026-04-10,0,15.5,Low,0.5,0.9,0.0,0.1,0.1,134.0,,-0.02109,,-0.03109,,0.01
17d012102799b8f7,PRU,2026-04-14,^FTAS,Catherine Chia,Other Chief,T2,372,23790000000,0,0,Financials,PRU-2026-04-10,0,12.5,Low,0.5,0.7,0.0,0.1,0.1,134.0,,-0.02109,,-0.03109,,0.01
63bf6e6e772a8259,PRU,2026-04-14,^FTAS,Dennis Tan,Divisional / Regional Exec,T2,394.54,23790000000,0,0,Financials,PRU-2026-04-10,0,12.5,Low,0.5,0.7,0.0,0.1,0.1,134.0,,-0.02109,,-0.03109,,0.01
cfd8e6f470ba4430,PRU,2026-05-13,^FTAS,Avnish Kalra,Other Chief,T2,409.96,23790000000,0,0,Financials,PRU-2026-05-11,0,35.3,Low,1.25,0.7,0.0,0.1,0.28,105.0,,-0.15296,,-0.16296,,0.01
868d124949007e97,PRU,2026-05-13,^FTAS,Catherine Chia,Other Chief,T2,375.79,23790000000,0,0,Financials,PRU-2026-05-11,0,35.3,Low,1.25,0.7,0.0,0.1,0.28,105.0,,-0.15296,,-0.16296,,0.01
14413aac80823328,PRU,2026-05-13,^FTAS,Anil Wadhwani,CEO,T1a,409.96,23790000000,0,0,Financials,PRU-2026-05-11,0,46.55,Moderate,1.25,1.0,0.0,0.1,0.28,105.0,,-0.15296,,-0.16296,,0.01
138235f50fd483a7,PRU,2026-05-13,^FTAS,Rajeev Mittal,CEO,T1a,409.96,23790000000,0,0,Financials,PRU-2026-05-11,0,46.55,Moderate,1.25,1.0,0.0,0.1,0.28,105.0,,-0.15296,,-0.16296,,0.01
04904c212e374c3c,PRU,2026-05-13,^FTAS,Kenneth Rappold,Other Chief,T2,409.96,23790000000,0,0,Financials,PRU-2026-05-11,0,35.3,Low,1.25,0.7,0.0,0.1,0.28,105.0,,-0.15296,,-0.16296,,0.01
a46984aeff5c532a,PRU,2026-05-13,^FTAS,Ben Bulmer,CFO,T1b,409.96,23790000000,0,0,Financials,PRU-2026-05-11,0,42.8,Moderate,1.25,0.9,0.0,0.1,0.28,105.0,,-0.15296,,-0.16296,,0.01
85c28c29ad8a0194,PRU,2026-05-13,^FTAS,Dennis Tan,Divisional / Regional Exec,T2,387.18,23790000000,0,0,Financials,PRU-2026-05-11,0,35.3,Low,1.25,0.7,0.0,0.1,0.28,105.0,,-0.15296,,-0.16296,,0.01
22e0dc6b89d38dec,PRV,2026-02-09,^FTAS,Hooman Caman Javvi,CEO,T1a,49598.7,377990000,1,0,Industrials,PRV-2026-02-09,0,68.3,High,1.0,1.0,0.332,0.656,0.772,64.0,56.0,-0.1508,-0.08251,-0.1608,-0.09251,0.01
910f3520489e76a8,PRV,2026-02-17,^FTAS,Lisa Anson,NED,T3,19852.22,377990000,1,0,Industrials,PRV-2026-02-09,0,67.58,High,1.5,0.3,0.2,0.656,0.868,56.0,8.0,-0.07749,0.05548,-0.08749,0.04548,0.01
c4123972e6aa6f34,PRV,2026-02-24,^FTAS,Hooman Caman Javvi,CEO,T1a,49608.24,377990000,1,0,Industrials,PRV-2026-02-09,0,100.0,Exceptional,1.5,1.0,0.332,0.656,0.952,49.0,15.0,-0.10263,,-0.11263,,0.01
5bbd0e0f42924d00,PRV,2026-03-26,^FTAS,Hooman Caman Javvi,CEO,T1a,99001,377990000,1,0,Industrials,PRV-2026-03-24,0,100.0,Exceptional,2.0,1.0,0.432,0.656,0.1,19.0,45.0,0.01274,,0.00274,,0.01
47a41d85e43bd965,PRV,2026-03-26,^FTAS,James Mills,CFO,T1b,9939.29,377990000,1,0,Industrials,PRV-2026-03-24,0,92.45,Exceptional,2.0,0.9,0.099,0.656,0.1,19.0,45.0,0.01274,,0.00274,,0.01
66fca72a733f4e13,PSN,2025-09-09,^FTAS,Anand Aithal,NED,T3,5380,3430000000,0,0,Consumer Discretionary,,0,29.2,Low,1.0,0.3,0.011,0.282,0.76,65.0,27.0,0.06495,0.19688,0.05495,0.18688,0.01
6c0acfac1c99a5ba,PSON,2025-09-17,^FTAS,Lincoln Wallen,NED,T3,1543,6960000000,0,0,Communication Services,,0,14.35,Low,1.0,0.3,0.0,0.162,0.1,226.0,,-0.0046,-0.16791,-0.0146,-0.17791,0.01
38601780bb24ee98,PSON,2025-11-26,^FTAS,Annette Thomas,NED,T3,3875.12,6960000000,0,0,Communication Services,,0,14.35,Low,1.0,0.3,0.0,0.162,0.1,156.0,,0.03874,-0.06368,0.02874,-0.07368,0.01
66d13dca725a36cf,PZC,2025-12-02,^FTAS,Sarah Pollard,CFO,T1b,1415.13,367390000,1,0,Consumer Staples,PZC-2025-11-28,0,94.38,Exceptional,1.75,0.9,0.0,0.661,0.688,71.0,12.0,-0.14481,-0.04082,-0.15481,-0.05082,0.01
2bc0433757790275,PZC,2025-12-02,^FTAS,Steve Noble,Other Chief,T2,928.66,367390000,1,0,Consumer Staples,PZC-2025-11-28,0,83.88,Exceptional,1.75,0.7,0.0,0.661,0.688,71.0,12.0,-0.14481,-0.04082,-0.15481,-0.05082,0.01
bdf9aa5b94f0ddce,PZC,2026-02-13,^FTAS,David Tyler,NED,T3,22744.3,367390000,1,0,Consumer Staples,PZC-2026-02-12,0,72.19,High,1.5,0.3,0.219,0.661,1.0,39.0,2.0,-0.05469,0.10933,-0.06469,0.09933,0.01
2820313c496a55fa,PZC,2026-02-13,^FTAS,Vivek Ahuja,NED,T3,18219.9,367390000,1,0,Consumer Staples,PZC-2026-02-12,0,70.74,High,1.5,0.3,0.187,0.661,1.0,39.0,2.0,-0.05469,0.10933,-0.06469,0.09933,0.01
80c9f5e57334cd44,PZC,2026-03-03,^FTAS,David Tyler,NED,T3,39750,367390000,1,0,Consumer Staples,PZC-2026-02-12,0,38.46,Low,1.0,0.3,0.3,0.661,0.329,21.0,20.0,0.006,,-0.004,,0.01
4f4eb3bb35f1b425,PZC,2026-04-14,^FTAS,Steve Noble,Other Chief,T2,680.08,367390000,1,0,Consumer Staples,,0,0.0,Low,0.0,0.7,0.0,0.661,0.3,114.0,21.0,0.05928,,0.04928,,0.01
3c1114dba01cb229,QDE,2025-07-15,^FTAS,Paulus Fillippus Venter,NED,T3,77040,2680000,1,0,,,0,52.29,Moderate,1.0,0.3,0.396,1.0,0.0,,,1.91609,-0.83887,1.90609,-0.84887,0.01
910c980030f01491,QHE,2026-01-02,^FTAS,Andrew Scott,Executive Director,T2,18000,12370000,1,0,Energy,QHE-2025-12-29,0,71.59,High,1.25,0.7,0.185,1.0,0.484,88.0,,-0.13038,-0.22311,-0.14038,-0.23311,0.01
5f9830dec224a32d,QHE,2026-01-08,^FTAS,Graham Duncan,NED,T3,15327,12370000,1,0,Energy,QHE-2025-12-29,0,57.34,Moderate,1.25,0.3,0.162,1.0,0.556,82.0,,-0.26899,-0.29777,-0.27899,-0.30777,0.01
4f2cdab6b04112d5,QHE,2026-04-23,^FTAS,Graham Duncan,NED,T3,5440.03,12370000,1,0,Energy,,0,33.17,Low,1.0,0.3,0.012,1.0,0.1,342.0,23.0,-0.23663,,-0.24663,,0.01
375bdb6aa1d1c0bb,QLT,2025-10-15,^FTAS,Chris Samuel,NED,T3,403.79,2610000000,0,0,Financials,,0,22.52,Low,1.25,0.3,0.0,0.328,0.1,295.0,,0.04242,-0.04336,0.03242,-0.05336,0.01
ada7fbb971d8dd7c,QLT,2025-11-17,^FTAS,Chris Hill,NED,T3,49999.52,2610000000,0,0,Financials,QLT-2025-11-14,0,7.0,Low,0.25,0.3,0.333,0.328,0.1,262.0,,-0.0024,-0.04964,-0.0124,-0.05964,0.01
78758fd476c5e00c,QLT,2025-11-17,^FTAS,Alison Morris,NED,T3,24873.31,2610000000,0,0,Financials,QLT-2025-11-14,0,6.25,Low,0.25,0.3,0.232,0.328,0.1,262.0,,-0.0024,-0.04964,-0.0124,-0.05964,0.01
c072ef020b7d5ba0,QLT,2026-03-31,^FTAS,Ruth Markland,Chair (executive),T7,42525,2610000000,0,0,Financials,,0,0.0,Low,0.0,1.0,0.31,0.328,0.1,128.0,,0.0227,,0.0127,,0.01
741c3c65a06326c1,QLT,2026-05-21,^FTAS,Andrew Ross,NED,T3,50379.71,2610000000,0,0,Financials,QLT-2026-05-20,0,9.34,Low,0.25,0.3,0.334,0.328,0.616,77.0,,,,,,0.01
b8f63ea96b77b272,RAT,2025-08-01,^FTAS,Clive Bannister,Chair (executive),T7,241125,1990000000,0,0,Financials,,0,85.3,Exceptional,1.5,1.0,0.561,0.374,0.1,362.0,,-0.09247,-0.10677,-0.10247,-0.11677,0.01
b7ccbb895a3d486f,RAT,2025-10-03,^FTAS,Iain Cummings,NED,T3,850.87,1990000000,0,0,Financials,,0,23.79,Low,1.25,0.3,0.0,0.374,0.1,299.0,,-0.0497,0.08577,-0.0597,0.07577,0.01
ca3c4dfa2962559f,RBD,2026-04-23,^FTAS,Sachin Oza,CEO,T1a,75000,13410000,1,0,Energy,RBD-2026-04-23,0,65.56,High,1.0,1.0,0.392,1.0,0.1,164.0,205.0,-0.16239,,-0.17239,,0.01
0415fdc17ff900fa,RBD,2026-05-01,^FTAS,Krish Oza,PCA,T5,1489.99,13410000,1,0,Energy,RBD-2026-04-23,0,53.8,Moderate,1.0,1.0,0.0,1.0,0.1,156.0,213.0,-0.20461,,-0.21461,,0.01
530a0089d857f48f,RBW,2026-01-14,^FTAS,Pete Gardner,PDMR-only,T4,60003.26,168630000,1,0,Materials,,0,56.94,Moderate,1.25,0.2,0.36,0.793,0.628,76.0,79.0,0.00576,0.31018,-0.00424,0.30018,0.01
22a8db8ba01b10b5,REE,2026-04-07,^FTAS,Louise Adrian,NED,T3,16978.73,12260000,1,0,Materials,,0,46.85,Moderate,1.0,0.3,0.177,1.0,0.586,149.0,11.0,-0.10091,,-0.11091,,0.01
6f3cfbdf66eaa36c,REE,2026-05-11,^FTAS,Harvey Sinclair,NED,T3,4959.84,12260000,1,0,Materials,,0,33.88,Low,1.0,0.3,0.0,1.0,0.16,115.0,45.0,-0.12866,,-0.13866,,0.01
f34b48eadf9a24c8,REL,2025-08-04,^FTAS,Henry Udow,PDMR-only,T4,8996.42,46090000000,0,0,Communication Services,,0,12.55,Low,1.0,0.2,0.085,0.1,0.1,262.0,,-0.12699,-0.28727,-0.13699,-0.29727,0.01
46a4d93e6af1d993,RFX,2025-11-17,^FTAS,Simon Herrick,NED,T3,51.09,149650000,1,0,Industrials,,0,76.31,High,1.75,0.3,0.0,0.814,0.928,51.0,40.0,0.02873,-0.04588,0.01873,-0.05588,0.01
452f7b69bfe322d1,RFX,2025-11-24,^FTAS,Simon Herrick,NED,T3,72.18,149650000,1,0,Industrials,,0,89.81,Exceptional,2.0,0.3,0.0,0.814,1.0,44.0,47.0,0.08593,-0.05487,0.07593,-0.06487,0.01
46d569f74503fd35,RFX,2026-04-07,^FTAS,Mark Smith,PDMR-only,T4,1369,149650000,1,0,Industrials,,0,52.18,Moderate,1.75,0.2,0.0,0.814,0.329,29.0,20.0,0.17659,,0.16659,,0.01
e0afb42614aff1cb,RIO,2025-10-02,^FTAS,Peter Cunningham,CFO,T1b,5064.74,123660000000,0,0,Materials,,0,38.82,Low,1.25,0.9,0.002,0.1,0.1,140.0,,0.07194,0.3995,0.06194,0.3895,0.01
6db082d8a369573f,RIO,2025-12-01,^FTAS,Ngaire Woods,NED,T3,10960.03,123660000000,0,0,Materials,,0,43.83,Moderate,1.75,0.3,0.114,0.1,0.58,80.0,,0.12813,0.25775,0.11813,0.24775,0.01
0f7104e1873f3b01,RIO,2026-04-21,^FTAS,Peter Cunningham,CFO,T1b,9222.92,123660000000,0,0,Materials,RIO-2026-04-16,0,47.74,Moderate,1.25,0.9,0.089,0.1,0.352,99.0,61.0,0.09053,,0.08053,,0.01
05bcd02dc28cc6d6,RIO,2026-05-12,^FTAS,Jennifer Nason,Other / unclassified,T4,0,123660000000,0,0,Materials,RIO-2026-04-16,0,19.07,Low,1.0,0.2,0.0,0.1,0.604,78.0,82.0,-0.10314,,-0.11314,,0.01
d7a8063c1ce1a36a,RKT,2025-07-30,^FTAS,Fiona Dawson,NED,T3,28600.71,28950000000,0,0,Consumer Staples,RKT-2025-07-28,0,25.72,Low,1.25,0.3,0.252,0.1,0.1,364.0,,-6e-05,-0.01514,-0.01006,-0.02514,0.01
bb1bbb1517961a6f,RKT,2025-07-30,^FTAS,Jeremy Darroch,Chair (executive),T7,93321.48,28950000000,0,0,Consumer Staples,RKT-2025-07-28,0,58.39,Moderate,1.25,1.0,0.424,0.1,0.1,364.0,,-6e-05,-0.01514,-0.01006,-0.02514,0.01
7d04a9f0fce7afb9,RKT,2025-07-30,^FTAS,Elane Stock,NED,T3,16139.55,28950000000,0,0,Consumer Staples,RKT-2025-07-28,0,22.61,Low,1.25,0.3,0.17,0.1,0.1,364.0,,-6e-05,-0.01514,-0.01006,-0.02514,0.01
11e2ed6bf4fc2fbc,RKT,2025-07-30,^FTAS,Andrew Bonfield,NED,T3,15758.4,28950000000,0,0,Consumer Staples,RKT-2025-07-28,0,22.48,Low,1.25,0.3,0.166,0.1,0.1,364.0,,-6e-05,-0.01514,-0.01006,-0.02514,0.01
93029967dd3f07e8,RKT,2025-07-30,^FTAS,Marybeth Hays,NED,T3,16162.95,28950000000,0,0,Consumer Staples,RKT-2025-07-28,0,22.62,Low,1.25,0.3,0.17,0.1,0.1,364.0,,-6e-05,-0.01514,-0.01006,-0.02514,0.01
c7052c2a25f7de08,RKT,2025-07-30,^FTAS,Mahesh Madhavan,NED,T3,28713,28950000000,0,0,Consumer Staples,RKT-2025-07-28,0,25.74,Low,1.25,0.3,0.253,0.1,0.1,364.0,,-6e-05,-0.01514,-0.01006,-0.02514,0.01
86bbe193b17b7e88,RKT,2025-07-31,^FTAS,Tamara Ingram,NED,T3,16484.18,28950000000,0,0,Consumer Staples,RKT-2025-07-28,0,22.73,Low,1.25,0.3,0.173,0.1,0.1,363.0,,0.00512,0.00062,-0.00488,-0.00938,0.01
ab7989335bcbe0fa,RKT,2025-07-31,^FTAS,Stefan Oschmann,NED,T3,18499.8,28950000000,0,0,Consumer Staples,RKT-2025-07-28,0,23.35,Low,1.25,0.3,0.189,0.1,0.1,363.0,,0.00512,0.00062,-0.00488,-0.00938,0.01
b4915a5f56d69d79,RKT,2025-09-22,^FTAS,Shannon Eisenhardt,CFO,T1b,4339.57,28950000000,0,0,Consumer Staples,RKT-2025-09-18,0,38.75,Low,1.25,0.9,0.0,0.1,0.1,310.0,,-0.0211,-0.04028,-0.0311,-0.05028,0.01
011a84000c69b66f,RKT,2025-09-22,^FTAS,Kris Licht,CEO,T1a,48249.21,28950000000,0,0,Consumer Staples,RKT-2025-09-18,0,54.81,Moderate,1.25,1.0,0.328,0.1,0.1,310.0,,-0.0211,-0.04028,-0.0311,-0.05028,0.01
9fa1f4347432e203,RKT,2025-10-30,^FTAS,Pat Verduin,NED,T3,7920.45,28950000000,0,0,Consumer Staples,,0,18.75,Low,1.25,0.3,0.067,0.1,0.1,272.0,,0.04158,-0.15674,0.03158,-0.16674,0.01
6ef28795c4795a0f,RKT,2026-02-23,^FTAS,Kris Licht,CEO,T1a,136282.17,28950000000,0,0,Consumer Staples,RKT-2026-02-20,0,60.44,High,1.25,1.0,0.478,0.1,0.1,156.0,,-0.15285,,-0.16285,,0.01
6aa7e6f16db1c1d1,RKT,2026-02-23,^FTAS,Shannon Eisenhardt,CFO,T1b,12213.05,28950000000,0,0,Consumer Staples,RKT-2026-02-20,0,43.6,Moderate,1.25,0.9,0.129,0.1,0.1,156.0,,-0.15285,,-0.16285,,0.01
94eda6ee81c3079b,RKW,2026-03-18,^FTAS,Richard Staveley,PDMR-only,T4,31794.83,179200000,1,0,Financials,RKW-2026-03-17,0,0.0,Low,0.0,0.2,0.268,0.783,0.0,,,0.03554,,0.02554,,0.01
3798309baa1f9c68,RKW,2026-03-18,^FTAS,Suzanne Staveley,PCA,T5,20152.09,179200000,1,0,Financials,RKW-2026-03-17,0,0.0,Low,0.0,1.0,0.202,0.783,0.0,,,0.03554,,0.02554,,0.01
c3b95d8c87863126,RKW,2026-04-01,^FTAS,Noel Lamb,Chair (executive),T7,13674,179200000,1,0,Financials,RKW-2026-03-17,0,0.0,Low,0.0,1.0,0.146,0.783,0.0,,,0.16641,,0.15641,,0.01
64b5a0525beff4f2,RMR,2025-12-16,^FTAS,Paul Barrett,CEO,T1a,19000,26870000,1,0,Materials,,0,89.4,Exceptional,1.5,1.0,0.193,1.0,0.1,199.0,77.0,0.2264,0.70832,0.2164,0.69832,0.01
c70cc262aa79439e,RMV,2026-03-27,^FTAS,Andrew Fisher,NED,T3,108.94,3270000000,0,0,Communication Services,,0,19.22,Low,1.25,0.3,0.0,0.29,0.0,27.0,,-0.04597,,-0.05597,,0.01
a6cee7ba2042eb6f,RNWH,2026-05-07,^FTAS,Stephanie Hazell,NED,T3,6537.23,687140000,0,0,Industrials,,0,6.04,Low,0.25,0.3,0.039,0.555,0.1,201.0,36.0,-0.09578,,-0.10578,,0.01
744957b2958b9712,RR,2025-07-09,^FTAS,Wendy Mars,NED,T3,1821.41,12000000000,0,0,Industrials,RR-2025-06-09,0,26.0,Low,2.0,0.3,0.0,0.1,0.1,386.0,,-0.00065,0.0289,-0.01065,0.0189,0.01
273f6e506b071272,RR,2025-07-09,^FTAS,Birgit Behrendt,NED,T3,1094.78,12000000000,0,0,Industrials,RR-2025-06-09,0,26.0,Low,2.0,0.3,0.0,0.1,0.1,386.0,,-0.00065,0.0289,-0.01065,0.0189,0.01
36330cef50a4c94e,RR,2025-09-10,^FTAS,Birgit Behrendt,NED,T3,1095.38,12000000000,0,0,Industrials,RR-2025-09-09,0,19.5,Low,1.5,0.3,0.0,0.1,0.1,323.0,,-0.02873,0.06381,-0.03873,0.05381,0.01
952fe325f725a582,RR,2025-09-10,^FTAS,Wendy Mars,NED,T3,1825.63,12000000000,0,0,Industrials,RR-2025-09-09,0,19.5,Low,1.5,0.3,0.0,0.1,0.1,323.0,,-0.02873,0.06381,-0.03873,0.05381,0.01
9c8bfa5bc59998df,RR,2025-09-22,^FTAS,Birgit Behrendt,NED,T3,195.16,12000000000,0,0,Industrials,RR-2025-09-09,0,16.25,Low,1.25,0.3,0.0,0.1,0.1,311.0,,-0.04927,-0.04535,-0.05927,-0.05535,0.01
57b43107d59543c6,RR,2025-09-22,^FTAS,Adam Riddle,Divisional / Regional Exec,T2,7002.8,12000000000,0,0,Industrials,RR-2025-09-09,0,33.08,Low,1.25,0.7,0.049,0.1,0.1,311.0,,-0.04927,-0.04535,-0.05927,-0.05535,0.01
2816c32a307e6f49,RR,2025-09-22,^FTAS,Nikki Grady-Smith,Other Chief,T2,25841.48,12000000000,0,0,Industrials,RR-2025-09-09,0,40.17,Moderate,1.25,0.7,0.238,0.1,0.1,311.0,,-0.04927,-0.04535,-0.05927,-0.05535,0.01
f6174627c0cfd0cf,RR,2025-09-22,^FTAS,Mark Gregory,Company Secretary / General Counsel,T6,7542.36,12000000000,0,0,Industrials,RR-2025-09-09,0,25.98,Low,1.25,0.5,0.06,0.1,0.1,311.0,,-0.04927,-0.04535,-0.05927,-0.05535,0.01
1bb89f861ac628c9,RR,2025-09-22,^FTAS,Chris Cholerton,President / VP,T2,158.42,12000000000,0,0,Industrials,RR-2025-09-09,0,31.25,Low,1.25,0.7,0.0,0.1,0.1,311.0,,-0.04927,-0.04535,-0.05927,-0.05535,0.01
0b85d4b11fd6f0d9,RR,2025-09-22,^FTAS,Simon Burr,NED,T3,3995.04,12000000000,0,0,Industrials,RR-2025-09-09,0,16.25,Low,1.25,0.3,0.0,0.1,0.1,311.0,,-0.04927,-0.04535,-0.05927,-0.05535,0.01
0bc602b8e483d884,RR,2025-09-22,^FTAS,Wendy Mars,NED,T3,2238.6,12000000000,0,0,Industrials,RR-2025-09-09,0,16.25,Low,1.25,0.3,0.0,0.1,0.1,311.0,,-0.04927,-0.04535,-0.05927,-0.05535,0.01
56fb520ae9fabe4a,RR,2025-10-09,^FTAS,Wendy Mars,NED,T3,1825.81,12000000000,0,0,Industrials,RR-2025-09-09,0,22.75,Low,1.75,0.3,0.0,0.1,0.1,294.0,,-0.09936,0.04176,-0.10936,0.03176,0.01
6ec8c9c7a680dc64,RR,2025-10-09,^FTAS,Birgit Behrendt,NED,T3,1102.38,12000000000,0,0,Industrials,RR-2025-09-09,0,22.75,Low,1.75,0.3,0.0,0.1,0.1,294.0,,-0.09936,0.04176,-0.10936,0.03176,0.01
47643cbae501e535,RR,2025-10-10,^FTAS,Paulo Cesar Silva,NED,T3,485379.15,12000000000,0,0,Industrials,RR-2025-09-09,0,57.52,Moderate,1.75,0.3,0.662,0.1,0.1,293.0,,-0.10416,0.03515,-0.11416,0.02515,0.01
6b60558a7fadb94d,RR,2025-10-10,^FTAS,Angela Strank,NED,T3,29770.74,12000000000,0,0,Industrials,RR-2025-09-09,0,36.31,Low,1.75,0.3,0.258,0.1,0.1,293.0,,-0.10416,0.03515,-0.11416,0.02515,0.01
63faf31869356134,RR,2025-11-10,^FTAS,Wendy Mars,NED,T3,1829.24,12000000000,0,0,Industrials,RR-2025-09-09,0,19.5,Low,1.5,0.3,0.0,0.1,0.1,262.0,,-0.0144,0.0021,-0.0244,-0.0079,0.01
6972080c85bc6852,RR,2025-11-10,^FTAS,Birgit Behrendt,NED,T3,1095.29,12000000000,0,0,Industrials,RR-2025-09-09,0,19.5,Low,1.5,0.3,0.0,0.1,0.1,262.0,,-0.0144,0.0021,-0.0244,-0.0079,0.01
ad35bf1195a42017,RR,2025-12-09,^FTAS,Birgit Behrendt,NED,T3,1095.75,12000000000,0,0,Industrials,RR-2025-12-08,0,22.75,Low,1.75,0.3,0.0,0.1,0.1,233.0,,0.07442,-0.02133,0.06442,-0.03133,0.01
7bb66591d8ef7035,RR,2025-12-09,^FTAS,Wendy Mars,NED,T3,1829.9,12000000000,0,0,Industrials,RR-2025-12-08,0,22.75,Low,1.75,0.3,0.0,0.1,0.1,233.0,,0.07442,-0.02133,0.06442,-0.03133,0.01
20f92cb454701f1b,RR,2026-01-08,^FTAS,Wendy Mars,NED,T3,1832.13,12000000000,0,0,Industrials,RR-2025-12-08,0,13.0,Low,1.0,0.3,0.0,0.1,0.1,203.0,,-0.01423,-0.11348,-0.02423,-0.12348,0.01
edc544cc4f2fadde,RR,2026-01-08,^FTAS,Birgit Behrendt,NED,T3,1104.3,12000000000,0,0,Industrials,RR-2025-12-08,0,13.0,Low,1.0,0.3,0.0,0.1,0.1,203.0,,-0.01423,-0.11348,-0.02423,-0.12348,0.01
ce40a498c43259df,RR,2026-02-10,^FTAS,Wendy Mars,NED,T3,1825.14,12000000000,0,0,Industrials,RR-2026-02-09,0,16.25,Low,1.25,0.3,0.0,0.1,0.1,170.0,,-0.01775,0.12973,-0.02775,0.11973,0.01
7799346fe19c6966,RR,2026-02-10,^FTAS,Birgit Behrendt,NED,T3,1105.02,12000000000,0,0,Industrials,RR-2026-02-09,0,16.25,Low,1.25,0.3,0.0,0.1,0.1,170.0,,-0.01775,0.12973,-0.02775,0.11973,0.01
2d890483fd3d62b0,RR,2026-03-10,^FTAS,Birgit Behrendt,NED,T3,1094.92,12000000000,0,0,Industrials,RR-2026-02-09,0,22.75,Low,1.75,0.3,0.0,0.1,0.1,142.0,,-0.12003,,-0.13003,,0.01
1ca1cb9faa1de6fd,RR,2026-03-10,^FTAS,Wendy Mars,NED,T3,1828.88,12000000000,0,0,Industrials,RR-2026-02-09,0,22.75,Low,1.75,0.3,0.0,0.1,0.1,142.0,,-0.12003,,-0.13003,,0.01
7a805914baecd898,RR,2026-04-08,^FTAS,Wendy Mars,NED,T3,1824.44,12000000000,0,0,Industrials,RR-2026-02-09,0,25.4,Low,1.75,0.3,0.0,0.1,0.184,113.0,,-0.04345,,-0.05345,,0.01
8ec5ec1e3cfe5f4d,RR,2026-04-08,^FTAS,Birgit Behrendt,NED,T3,1101.77,12000000000,0,0,Industrials,RR-2026-02-09,0,25.4,Low,1.75,0.3,0.0,0.1,0.184,113.0,,-0.04345,,-0.05345,,0.01
3504791c42795db1,RR,2026-05-08,^FTAS,Wendy Mars,NED,T3,1832.38,12000000000,0,0,Industrials,RR-2026-02-09,0,5.25,Low,0.25,0.3,0.0,0.1,0.544,83.0,,0.13798,,0.12798,,0.01
4034a0203ebbfa35,RR,2026-05-08,^FTAS,Birgit Behrendt,NED,T3,1101.99,12000000000,0,0,Industrials,RR-2026-02-09,0,5.25,Low,0.25,0.3,0.0,0.1,0.544,83.0,,0.13798,,0.12798,,0.01
cfecd402c07b58b9,RS1,2026-01-06,^FTAS,Nicholas Ringrose,PCA,T5,230.1,3040000000,0,0,Industrials,RS1-2025-07-25,0,47.52,Moderate,1.0,1.0,0.0,0.302,0.604,78.0,61.0,0.06253,-0.08215,0.05253,-0.09215,0.01
08c5ef0f0d933140,RS1,2026-01-06,^FTAS,Christopher Ringrose,PCA,T5,522.4,3040000000,0,0,Industrials,RS1-2025-07-25,0,47.52,Moderate,1.0,1.0,0.0,0.302,0.604,78.0,61.0,0.06253,-0.08215,0.05253,-0.09215,0.01
679ab24c16d854a9,RS1,2026-01-06,^FTAS,Kate Ringrose,CFO,T1b,522.4,3040000000,0,0,Industrials,RS1-2025-07-25,0,44.52,Moderate,1.0,0.9,0.0,0.302,0.604,78.0,61.0,0.06253,-0.08215,0.05253,-0.09215,0.01
e935e56163485c42,RS1,2026-01-06,^FTAS,Evelyn Ringrose,PCA,T5,237.5,3040000000,0,0,Industrials,RS1-2025-07-25,0,47.52,Moderate,1.0,1.0,0.0,0.302,0.604,78.0,61.0,0.06253,-0.08215,0.05253,-0.09215,0.01
45d64f9234566c2c,RST,2025-12-10,^FTAS,Patrick Butcher,NED,T3,23.55,339420000,1,0,Industrials,RST-2025-12-09,0,69.17,High,1.75,0.3,0.0,0.675,0.871,153.0,1.0,0.01363,-0.13435,0.00363,-0.14435,0.01
31d06b59dd4b469c,RST,2025-12-19,^FTAS,Charles Skinner,CEO,T1a,49.08,339420000,1,0,Industrials,RST-2025-12-09,0,55.9,Moderate,1.0,1.0,0.0,0.675,0.614,144.0,10.0,-0.06723,-0.04098,-0.07723,-0.05098,0.01
fc1c04b8b44903bc,RTO,2025-09-25,^FTAS,Andy Ransom,CEO,T1a,32541.85,11130000000,0,0,Industrials,,0,60.5,High,1.5,1.0,0.271,0.1,0.0,28.0,,0.09932,0.16897,0.08932,0.15897,0.01
a7666adb67975d44,RTO,2026-03-17,^FTAS,Sally Johnson,NED,T3,12922.39,11130000000,0,0,Industrials,RTO-2026-03-16,0,49.99,Moderate,1.5,0.3,0.137,0.1,1.0,30.0,12.0,0.01972,,0.00972,,0.01
fb8af858227f1bf9,RTO,2026-03-26,^FTAS,Richard Solomons,Chair (executive),T7,97817.53,11130000000,0,0,Industrials,RTO-2026-03-16,0,100.0,Exceptional,2.0,1.0,0.43,0.1,0.3,21.0,21.0,-0.00258,,-0.01258,,0.01
485476a8136fe5ae,RVRB,2025-08-13,^FTAS,North Atlantic Smaller Companies Investment Trust Plc,PCA,T5,166250,56340000,1,0,Financials,,0,68.57,High,1.0,1.0,0.507,0.98,0.1,205.0,,0.1253,0.04743,0.1153,0.03743,0.01
6da5ef6976656c73,RVRB,2025-08-19,^FTAS,North Atlantic Smaller Companies Investment Trust Plc,PCA,T5,52500,56340000,1,0,Financials,,0,100.0,Exceptional,2.0,1.0,0.34,0.98,0.1,199.0,,0.06007,0.06099,0.05007,0.05099,0.01
fa331b7535c84f71,RVRB,2026-04-29,^FTAS,Martin James Gilbert,PDMR-only,T4,60750,56340000,1,0,Financials,RVRB-2026-04-27,0,50.25,Moderate,1.25,0.2,0.362,0.98,0.1,311.0,54.0,0.08622,,0.07622,,0.01
1dd5ae915e62c744,RVRB,2026-04-30,^FTAS,Christopher Mills,PDMR-only,T4,986000,56340000,1,0,Financials,RVRB-2026-04-27,0,65.38,High,1.25,0.2,0.765,0.98,0.1,310.0,55.0,0.12419,,0.11419,,0.01
de9ddc86c8f4898e,RVRB,2026-05-06,^FTAS,Christopher Mills,PDMR-only,T4,18000,56340000,1,0,Financials,RVRB-2026-04-27,0,61.1,High,1.75,0.2,0.185,0.98,0.1,304.0,61.0,0.15197,,0.14197,,0.01
a46a63c0a656ef7d,RWA,2026-04-24,^FTAS,Toby Fowlston,CEO,T1a,9870.42,57230000,1,0,Industrials,RWA-2026-04-23,0,16.51,Low,0.25,1.0,0.098,0.977,0.643,81.0,9.0,-0.10179,,-0.11179,,0.01
9347ae516de5f32b,RWA,2026-04-28,^FTAS,Leslie van de Walle,Chair (executive),T7,28920,57230000,1,0,Industrials,RWA-2026-04-23,0,35.1,Low,0.5,1.0,0.254,0.977,0.616,77.0,13.0,-0.06336,,-0.07336,,0.01
8ac153af923edc50,RWA,2026-05-01,^FTAS,Leslie van de Walle,Chair (executive),T7,28350,57230000,1,0,Industrials,RWA-2026-04-23,0,17.69,Low,0.25,1.0,0.251,0.977,0.652,74.0,16.0,-0.12707,,-0.13707,,0.01
94704ee806c92458,RWA,2026-05-13,^FTAS,Andrew Rashbass,NED,T3,19999.88,57230000,1,0,Industrials,RWA-2026-04-23,0,38.13,Low,0.75,0.3,0.201,0.977,0.796,62.0,28.0,-0.11845,,-0.12845,,0.01
7b86fe8e9ba44e6f,RWA,2026-05-14,^FTAS,Michaela Tod,NED,T3,2999.9,57230000,1,0,Industrials,RWA-2026-04-23,0,45.04,Moderate,1.0,0.3,0.0,0.977,0.808,61.0,29.0,-0.05055,,-0.06055,,0.01
801313fb24e9f543,SAA,2026-04-28,^FTSC,Nicholas Shott,NED,T3,50543.51,167700000,1,1,Communication Services,,0,48.61,Moderate,1.0,0.3,0.335,0.794,0.671,142.0,8.0,0.09456,,0.08956,,0.005
489ebbb38cb72f29,SAA,2026-04-30,^FTSC,Nicholas Shott,NED,T3,35.35,167700000,1,1,Communication Services,,0,37.53,Low,1.0,0.3,0.0,0.794,0.614,140.0,10.0,0.04783,,0.04283,,0.005
6e76cb0e98b579a0,SAAS,2025-07-01,^FTAS,Nick Wightman,CFO,T1b,19994.27,48120000,1,0,Technology,,0,73.02,High,1.0,0.9,0.201,1.0,1.0,30.0,154.0,0.16097,0.01277,0.15097,0.00277,0.01
3bfcc5266d3fc87e,SAFE,2025-09-23,^FTAS,Simon Clinton,CFO,T1b,29999.77,1340000000,0,0,Real Estate,,0,62.49,High,1.0,0.9,0.259,0.441,1.0,36.0,19.0,0.0837,0.18733,0.0737,0.17733,0.01
3c2b8787e66a2248,SAGA,2025-09-29,^FTAS,Sir Roger de Haan,NED,T3,3288000,764750000,0,0,Financials,,0,46.96,Moderate,0.75,0.3,0.939,0.537,0.757,122.0,5.0,-0.09754,0.91605,-0.10754,0.90605,0.01
87a99ba758948f29,SBRY,2025-07-14,^FTAS,Patrick Dunne,Other Chief,T2,23206.46,6670000000,0,0,Consumer Staples,,0,33.18,Low,1.0,0.7,0.222,0.169,0.1,179.0,,0.05177,0.07143,0.04177,0.06143,0.01
1aa8b45142f921c4,SBRY,2026-04-24,^FTAS,Katie Bickerstaffe,NED,T3,14923.48,6670000000,0,0,Consumer Staples,,0,16.57,Low,0.5,0.3,0.158,0.169,0.871,181.0,1.0,-0.10624,,-0.11624,,0.01
fe6d968d6b2a5ff9,SCT,2025-12-10,^FTAS,Kathryn Mecklenburgh,CFO,T1b,250085.33,3670000000,0,0,Technology,,0,51.74,Moderate,1.0,0.9,0.566,0.27,0.1,163.0,,-0.06224,-0.13736,-0.07224,-0.14736,0.01
4b0ba95cfcb4a23a,SCT,2026-04-23,^FTAS,Kathryn Mecklenburgh,CFO,T1b,114990.72,3670000000,0,0,Technology,,0,0.0,Low,0.0,0.9,0.454,0.27,0.0,29.0,,0.4276,,0.4176,,0.01
e8b03e903af91add,SCT,2026-04-29,^FTAS,Kathryn Mecklenburgh,CFO,T1b,100334.84,3670000000,0,0,Technology,,0,11.49,Low,0.25,0.9,0.434,0.27,0.0,23.0,,0.29352,,0.28352,,0.01
e9bf5c36d8166d22,SDY,2025-10-06,^FTAS,Shatish Dasani,NED,T3,2898,87540000,1,0,Industrials,SDY-2025-10-06,0,70.36,High,1.5,0.3,0.0,0.905,1.0,42.0,110.0,-0.08732,-0.20372,-0.09732,-0.21372,0.01
618cef616ee2e53b,SDY,2025-10-06,^FTAS,Dina Dasani,PCA,T5,13761,87540000,1,0,Industrials,SDY-2025-10-06,0,100.0,Exceptional,1.5,1.0,0.147,0.905,1.0,42.0,110.0,-0.08732,-0.20372,-0.09732,-0.21372,0.01
28d8cc4eff597594,SDY,2025-10-07,^FTAS,Claire Rayner,PCA,T5,3867.41,87540000,1,0,Industrials,SDY-2025-10-06,0,100.0,Exceptional,1.5,1.0,0.0,0.905,1.0,41.0,111.0,-0.08935,-0.20047,-0.09935,-0.21047,0.01
b1d07675258e5b55,SDY,2025-10-07,^FTAS,Paul Rayner,CFO,T1b,20482.96,87540000,1,0,Industrials,SDY-2025-10-06,0,100.0,Exceptional,1.5,0.9,0.204,0.905,1.0,41.0,111.0,-0.08935,-0.20047,-0.09935,-0.21047,0.01
78585e2108b7b8a6,SDY,2025-10-07,^FTAS,Robert Rayner,PCA,T5,1432.38,87540000,1,0,Industrials,SDY-2025-10-06,0,100.0,Exceptional,1.5,1.0,0.0,0.905,1.0,41.0,111.0,-0.08935,-0.20047,-0.09935,-0.21047,0.01
abb2250d5f60a2ad,SDY,2025-10-09,^FTAS,David Garman,NED,T3,58300,87540000,1,0,Industrials,SDY-2025-10-06,0,100.0,Exceptional,1.75,0.3,0.356,0.905,1.0,39.0,113.0,-0.09362,-0.24824,-0.10362,-0.25824,0.01
3729249b262032d6,SDY,2026-01-06,^FTAS,Rhian Bartlett,NED,T3,45131.15,87540000,1,0,Industrials,,0,47.61,Moderate,1.0,0.3,0.319,0.905,0.508,86.0,41.0,-0.05358,-0.22199,-0.06358,-0.23199,0.01
a04ab4d7c0da2b66,SEQI,2026-05-01,^FTAS,Sequoia Investment Management Company Limited,Other / unclassified,T4,230055,,0,0,Financials,,0,71.77,High,1.75,0.2,0.554,0.5,0.0,,,0.06071,,0.05071,,0.01
3e3a2eb6cf744f2d,SGE,2025-07-04,^FTAS,Derk Bleeker,Other Chief,T2,15812.1,7840000000,0,0,Technology,SGE-2025-07-03,0,46.36,Moderate,1.5,0.7,0.167,0.141,0.1,390.0,,-0.13239,-0.18681,-0.14239,-0.19681,0.01
774674960554f01a,SGE,2025-07-04,^FTAS,Walid Abu-Hadba,Other Chief,T2,7586.43,7840000000,0,0,Technology,SGE-2025-07-03,0,41.58,Moderate,1.5,0.7,0.06,0.141,0.1,390.0,,-0.13239,-0.18681,-0.14239,-0.19681,0.01
79ad63b0265da24e,SGE,2025-07-04,^FTAS,Vicki Bradin,Company Secretary / General Counsel,T6,7743.23,7840000000,0,0,Technology,SGE-2025-07-03,0,32.71,Low,1.5,0.5,0.063,0.141,0.1,390.0,,-0.13239,-0.18681,-0.14239,-0.19681,0.01
86383e8fec43e85a,SGE,2025-07-04,^FTAS,Aaron Harris,Other Chief,T2,19647.53,7840000000,0,0,Technology,SGE-2025-07-03,0,47.78,Moderate,1.5,0.7,0.198,0.141,0.1,390.0,,-0.13239,-0.18681,-0.14239,-0.19681,0.01
686a0bb8970abe04,SGE,2025-07-04,^FTAS,Amy Lawson,Other Chief,T2,5596.35,7840000000,0,0,Technology,SGE-2025-07-03,0,39.6,Low,1.5,0.7,0.016,0.141,0.1,390.0,,-0.13239,-0.18681,-0.14239,-0.19681,0.01
11c41cce84bf3be6,SGE,2025-07-04,^FTAS,Steve Hare,CEO,T1a,37099.94,7840000000,0,0,Technology,SGE-2025-07-03,0,65.42,High,1.5,1.0,0.29,0.141,0.1,390.0,,-0.13239,-0.18681,-0.14239,-0.19681,0.01
fd8f01ca94e110fb,SGE,2025-07-04,^FTAS,Amanda Cusdin,Other Chief,T2,11289.19,7840000000,0,0,Technology,SGE-2025-07-03,0,44.17,Moderate,1.5,0.7,0.118,0.141,0.1,390.0,,-0.13239,-0.18681,-0.14239,-0.19681,0.01
0a3adb5610af241b,SGE,2025-07-31,^FTAS,Walid Abu-Hadba,Other Chief,T2,176.03,7840000000,0,0,Technology,SGE-2025-07-03,0,19.43,Low,0.75,0.7,0.0,0.141,0.1,363.0,,-0.13239,-0.17467,-0.14239,-0.18467,0.01
2402a1b70995ecda,SGE,2025-08-04,^FTAS,Walid Abu-Hadba,Other Chief,T2,4521.32,7840000000,0,0,Technology,SGE-2025-07-03,0,6.48,Low,0.25,0.7,0.0,0.141,0.1,359.0,,-0.1027,-0.13914,-0.1127,-0.14914,0.01
2ccafdac6ece1f25,SGE,2025-08-04,^FTAS,Aaron Harris,Other Chief,T2,4521.32,7840000000,0,0,Technology,SGE-2025-07-03,0,6.48,Low,0.25,0.7,0.0,0.141,0.1,359.0,,-0.1027,-0.13914,-0.1127,-0.14914,0.01
ec3a77ea02c890ba,SGE,2026-02-04,^FTAS,Aaron Harris,Other Chief,T2,4395.6,7840000000,0,0,Technology,SGE-2026-02-02,0,25.91,Low,1.0,0.7,0.0,0.141,0.1,175.0,,0.00492,-0.03745,-0.00508,-0.04745,0.01
1ec7fa7bcf381575,SGE,2026-02-04,^FTAS,Walid Abu-Hadba,Other Chief,T2,4395.6,7840000000,0,0,Technology,SGE-2026-02-02,0,25.91,Low,1.0,0.7,0.0,0.141,0.1,175.0,,0.00492,-0.03745,-0.00508,-0.04745,0.01
a766e12382009c69,SGE,2026-02-04,^FTAS,Amy Cosgrove,PCA,T5,4395.6,7840000000,0,0,Technology,SGE-2026-02-02,0,34.91,Low,1.0,1.0,0.0,0.141,0.1,175.0,,0.00492,-0.03745,-0.00508,-0.04745,0.01
a38283bc65415b58,SGE,2026-02-09,^FTAS,Derek Harding,NED,T3,77.72,7840000000,0,0,Technology,SGE-2026-02-02,0,13.91,Low,1.0,0.3,0.0,0.141,0.1,170.0,,0.02627,-0.03274,0.01627,-0.04274,0.01
dc4751a6d18aba15,SGE,2026-02-16,^FTAS,Steve Hare,CEO,T1a,92688.39,7840000000,0,0,Technology,SGE-2026-02-02,0,83.28,Exceptional,1.75,1.0,0.423,0.141,0.1,163.0,,0.0946,0.00844,0.0846,-0.00156,0.01
f319b800d69ebfd0,SGE,2026-02-16,^FTAS,Amanda Cusdin,Other Chief,T2,26300.39,7840000000,0,0,Technology,SGE-2026-02-02,0,57.96,Moderate,1.75,0.7,0.24,0.141,0.1,163.0,,0.0946,0.00844,0.0846,-0.00156,0.01
bf2bf4b0123cee3c,SGE,2026-02-16,^FTAS,Walid Abu-Hadba,Other Chief,T2,154.18,7840000000,0,0,Technology,SGE-2026-02-02,0,45.34,Moderate,1.75,0.7,0.0,0.141,0.1,163.0,,0.0946,0.00844,0.0846,-0.00156,0.01
abf72f00525282d1,SGE,2026-02-16,^FTAS,Vicki Bradin,Company Secretary / General Counsel,T6,19086.24,7840000000,0,0,Technology,SGE-2026-02-02,0,45.02,Moderate,1.75,0.5,0.194,0.141,0.1,163.0,,0.0946,0.00844,0.0846,-0.00156,0.01
8d9f400ce004f693,SGE,2026-02-16,^FTAS,Amy Lawson,Other Chief,T2,14696.08,7840000000,0,0,Technology,SGE-2026-02-02,0,53.54,Moderate,1.75,0.7,0.156,0.141,0.1,163.0,,0.0946,0.00844,0.0846,-0.00156,0.01
6a4fd4da96c594cc,SGE,2026-02-16,^FTAS,Amy Cosgrove,PCA,T5,2085.53,7840000000,0,0,Technology,SGE-2026-02-02,0,61.09,High,1.75,1.0,0.0,0.141,0.1,163.0,,0.0946,0.00844,0.0846,-0.00156,0.01
512af6083e2b9fb6,SGE,2026-02-16,^FTAS,Aaron Harris,Other Chief,T2,38091.34,7840000000,0,0,Technology,SGE-2026-02-02,0,60.77,High,1.75,0.7,0.294,0.141,0.1,163.0,,0.0946,0.00844,0.0846,-0.00156,0.01
0826d32ad7a221f8,SGE,2026-02-16,^FTAS,Derk Bleeker,Other Chief,T2,35965.24,7840000000,0,0,Technology,SGE-2026-02-02,0,60.34,High,1.75,0.7,0.286,0.141,0.1,163.0,,0.0946,0.00844,0.0846,-0.00156,0.01
250f0fc90977b5b0,SGE,2026-02-19,^FTAS,Lori Mitchell-Keller,NED,T3,142.69,7840000000,0,0,Technology,SGE-2026-02-02,0,27.82,Low,2.0,0.3,0.0,0.141,0.1,160.0,,0.0873,0.03618,0.0773,0.02618,0.01
516c56fb9e8eedfe,SGRO,2026-03-27,^FTAS,Marcus Sperber,NED,T3,173.18,9640000000,0,0,Real Estate,,0,19.71,Low,1.5,0.3,0.0,0.106,0.1,27.0,157.0,0.05231,,0.04231,,0.01
9a39eff918201043,SHC,2026-05-15,^FTAS,Jonathan Nicholls,Chair (executive),T7,129147.9,2380000000,0,0,Real Estate,,0,84.21,Exceptional,1.25,1.0,0.471,0.344,0.871,74.0,1.0,0.06325,,0.05325,,0.01
e277b6c59f7e9c24,SHI,2025-10-23,^FTAS,Pim Vervaat,CEO,T1a,44500,94200000,1,0,Industrials,,0,100.0,Exceptional,1.75,1.0,0.316,0.892,0.729,82.0,6.0,0.03315,0.00371,0.02315,-0.00629,0.01
62b4410b7ad124e6,SHI,2026-01-15,^FTAS,Pim Vervaat,CEO,T1a,50000,94200000,1,0,Industrials,,0,76.98,High,1.0,1.0,0.333,0.892,0.964,48.0,2.0,-0.02119,-0.1634,-0.03119,-0.1734,0.01
c405c297669f63f8,SHI,2026-05-13,^FTAS,Pim Vervaat,CEO,T1a,5666.54,94200000,1,0,Industrials,SHI-2026-05-08,0,44.98,Moderate,0.75,1.0,0.018,0.892,0.544,83.0,13.0,-0.01802,,-0.02802,,0.01
31906a37e9b94833,SHI,2026-05-14,^FTAS,Simon Kesterton,CFO,T1b,8300,94200000,1,0,Industrials,SHI-2026-05-08,0,58.84,Moderate,1.0,0.9,0.073,0.892,0.556,82.0,14.0,-0.05902,,-0.06902,,0.01
32c21d8f5faae172,SHI,2026-05-20,^FTAS,Alan Lovell,NED,T3,9676.8,94200000,1,0,Industrials,SHI-2026-05-08,0,53.51,Moderate,1.25,0.3,0.096,0.892,0.628,76.0,20.0,,,,,0.01
808cf78ca6638290,SHI,2026-05-22,^FTAS,Simon Kesterton,CFO,T1b,8698.84,94200000,1,0,Industrials,SHI-2026-05-08,0,100.0,Exceptional,1.75,0.9,0.08,0.892,0.652,74.0,22.0,,,,,0.01
bbcf9b7ccd7d010c,SMIN,2025-08-01,^FTAS,Karin Hoeing,NED,T3,5662.32,7530000000,0,0,Industrials,SMIN-2025-08-01,0,18.25,Low,1.25,0.3,0.018,0.148,0.1,231.0,,0.00542,-0.03513,-0.00458,-0.04513,0.01
1bb3234c4c772b7f,SMIN,2025-08-01,^FTAS,Richard Howes,NED,T3,1778.25,7530000000,0,0,Industrials,SMIN-2025-08-01,0,17.58,Low,1.25,0.3,0.0,0.148,0.1,231.0,,0.00542,-0.03513,-0.00458,-0.04513,0.01
e5f4a360be7812b3,SMIN,2025-11-03,^FTAS,Richard Howes,NED,T3,1765.4,7530000000,0,0,Industrials,SMIN-2025-11-03,0,17.58,Low,1.25,0.3,0.0,0.148,0.1,137.0,,-0.07838,-0.07883,-0.08838,-0.08883,0.01
6db1755d4e473bfe,SMIN,2025-11-03,^FTAS,Karin Hoeing,NED,T3,5649.28,7530000000,0,0,Industrials,SMIN-2025-11-03,0,18.24,Low,1.25,0.3,0.018,0.148,0.1,137.0,,-0.07838,-0.07883,-0.08838,-0.08883,0.01
fa71b1f480683451,SMIN,2026-02-02,^FTAS,Richard Howes,NED,T3,1747.2,7530000000,0,0,Industrials,SMIN-2026-02-02,0,30.04,Low,1.0,0.3,0.0,0.148,0.988,46.0,,-0.04851,-0.01407,-0.05851,-0.02407,0.01
f135ed09240139bd,SMIN,2026-02-02,^FTAS,Simon Pryce,NED,T3,1697.28,7530000000,0,0,Industrials,SMIN-2026-02-02,0,30.04,Low,1.0,0.3,0.0,0.148,0.988,46.0,,-0.04851,-0.01407,-0.05851,-0.02407,0.01
db1654bb1355581a,SMIN,2026-03-24,^FTAS,Alister Cowan,NED,T3,113405,7530000000,0,0,Industrials,,0,69.93,High,1.75,0.3,0.452,0.148,0.786,182.0,4.0,0.06516,,0.05516,,0.01
851e7543ac345c39,SMIN,2026-05-01,^FTAS,Richard Howes,NED,T3,1772.4,7530000000,0,0,Industrials,SMIN-2026-05-01,0,3.52,Low,0.25,0.3,0.0,0.148,0.1,144.0,42.0,0.00555,,-0.00445,,0.01
a136636849023a56,SMIN,2026-05-01,^FTAS,Simon Pryce,NED,T3,5215.92,7530000000,0,0,Industrials,SMIN-2026-05-01,0,3.56,Low,0.25,0.3,0.006,0.148,0.1,144.0,42.0,0.00555,,-0.00445,,0.01
bcf7cb637283e5e2,SML,2025-08-22,^FTAS,Philip Haydn-Slater,NED,T3,14500,138120000,1,0,Materials,,0,91.88,Exceptional,2.0,0.3,0.154,0.827,0.784,63.0,,0.3008,3.94041,0.2908,3.93041,0.01
ce1a26fb0661272c,SMWH,2025-12-24,^FTAS,Max Izzard,CFO,T1b,128000,630960000,0,0,Consumer Discretionary,SMWH-2025-12-23,0,84.05,Exceptional,1.25,0.9,0.469,0.569,0.757,71.0,5.0,0.03195,-0.19981,0.02195,-0.20981,0.01
b9745e477c78296d,SMWH,2026-01-08,^FTAS,Helen Rose,NED,T3,49984.44,630960000,0,0,Consumer Discretionary,SMWH-2025-12-23,0,47.15,Moderate,1.0,0.3,0.333,0.569,0.868,56.0,20.0,0.00754,-0.27807,-0.00246,-0.28807,0.01
5cc200e6271a6199,SMWH,2026-01-29,^FTAS,Max Izzard,CFO,T1b,168750,630960000,0,0,Consumer Discretionary,SMWH-2025-12-23,0,72.81,High,1.0,0.9,0.509,0.569,1.0,35.0,41.0,-0.1698,-0.39446,-0.1798,-0.40446,0.01
be418ec16929b9e4,SMWH,2026-04-27,^FTAS,Leo Quinn,Chair (executive),T7,24852.8,630960000,0,0,Consumer Discretionary,,0,95.45,Exceptional,1.5,1.0,0.232,0.569,0.786,76.0,4.0,-0.26506,,-0.27506,,0.01
a967e4c53bb7a63e,SNR,2025-10-13,^FTAS,Zoe Clements,PDMR-only,T4,29217,1180000000,0,0,Industrials,SNR-2025-10-13,0,44.89,Moderate,1.75,0.2,0.256,0.463,0.1,294.0,,-0.13896,0.20628,-0.14896,0.19628,0.01
5b68149eade3fdd9,SNR,2025-10-30,^FTAS,Graham Oldroyd,PCA,T5,100170,1180000000,0,0,Industrials,SNR-2025-10-13,0,96.26,Exceptional,1.75,1.0,0.434,0.463,0.1,277.0,,-0.02221,0.52938,-0.03221,0.51938,0.01
6de76307e625000f,SNWS,2025-11-14,^FTAS,Manju Malhotra,NED,T3,19893.98,154420000,1,0,Communication Services,SNWS-2025-11-14,0,44.09,Moderate,1.0,0.3,0.2,0.808,0.628,76.0,10.0,0.11251,-0.06459,0.10251,-0.07459,0.01
61fe5670cf197e1d,SNWS,2025-12-12,^FTAS,Deborah Rabey,NED,T3,9912.8,154420000,1,0,Communication Services,SNWS-2025-11-14,0,58.89,Moderate,1.25,0.3,0.099,0.808,0.964,48.0,38.0,-0.09905,-0.10653,-0.10905,-0.11653,0.01
f167e9e68689046a,SOHO,2025-07-01,^FTAS,Benedict Luke Green,PDMR-only,T4,149242.37,283300000,1,0,Real Estate,,0,63.24,High,1.25,0.2,0.492,0.705,0.796,62.0,109.0,-0.08097,-0.14452,-0.09097,-0.15452,0.01
90af8452134f7ae2,SOS,2025-07-30,^FTAS,Adam Reynolds,NED,T3,28750,23910000,1,0,Consumer Discretionary,,0,62.38,High,1.25,0.3,0.253,1.0,0.628,76.0,,-0.098,0.11011,-0.108,0.10011,0.01
45de71dbac238d41,SOS,2025-10-20,^FTAS,Adam Reynolds,NED,T3,17100,23910000,1,0,Consumer Discretionary,,0,81.51,Exceptional,1.5,0.3,0.178,1.0,1.0,36.0,6.0,0.0097,-0.02969,-0.0003,-0.03969,0.01
4445ba09f7bdaa07,SPX,2026-03-10,^FTAS,Louisa Burdett,CFO,T1b,55422.4,5030000000,0,0,Industrials,SPX-2026-03-10,0,98.19,Exceptional,1.75,0.9,0.348,0.217,0.772,64.0,117.0,0.00826,,-0.00174,,0.01
dbee5887fd42e8d6,SPX,2026-03-10,^FTAS,Nimesh Patel,CEO,T1a,104875.1,5030000000,0,0,Industrials,SPX-2026-03-10,0,100.0,Exceptional,1.75,1.0,0.441,0.217,0.772,64.0,117.0,0.00826,,-0.00174,,0.01
0662d2d27a6d7004,SQZ,2025-07-03,^FTAS,Martin Copeland,CFO,T1b,72630,1010000000,0,0,Energy,,0,51.19,Moderate,1.0,0.9,0.387,0.489,0.1,266.0,,-0.00556,0.25054,-0.01556,0.24054,0.01
2b11d04adb430b00,SQZ,2025-12-16,^FTAS,Christopher Cox,CEO,T1a,44944.35,1010000000,0,0,Energy,,0,56.42,Moderate,1.0,1.0,0.318,0.489,0.34,100.0,,0.20166,0.58237,0.19166,0.57237,0.01
8eafe1c5e4f32ed0,SRAD,2026-05-12,^FTAS,Martyn Coffey,NED,T3,25930.49,180840000,1,0,Industrials,,0,17.57,Low,0.5,0.3,0.238,0.782,0.1,8.0,60.0,0.15704,,0.14704,,0.01
d7683307e8500d58,SRC,2026-04-09,^FTAS,Max Vermorken,CEO,T1a,1799.41,1280000000,0,0,Materials,SRC-2026-04-08,0,56.42,Moderate,1.25,1.0,0.0,0.449,0.292,104.0,24.0,-0.09511,,-0.10511,,0.01
3d78aba1f2f3a6fb,SSPG,2025-12-04,^FTAS,Patrick Coveney,CEO,T1a,250994.91,1290000000,0,0,Consumer Discretionary,,0,58.66,Moderate,1.0,1.0,0.567,0.448,0.1,166.0,,0.12186,0.0804,0.11186,0.0704,0.01
2e9a3ec9e4b52f87,STB,2025-07-04,^FTAS,Mary Hartley,PCA,T5,119361.14,234930000,1,0,Financials,STB-2025-06-13,0,78.0,High,1.0,1.0,0.459,0.737,1.0,41.0,,0.28395,0.06375,0.27395,0.05375,0.01
f7877b35e0c0b2f9,STB,2025-07-09,^FTAS,Ian Corfield,CEO,T1a,49995.33,234930000,1,0,Financials,STB-2025-06-13,0,92.77,Exceptional,1.25,1.0,0.333,0.737,1.0,36.0,,0.29795,0.06453,0.28795,0.05453,0.01
24f2a473ef2724b5,STB,2025-07-09,^FTAS,Ian Corfield,CEO,T1a,49733.31,234930000,1,0,Financials,STB-2025-06-13,0,92.74,Exceptional,1.25,1.0,0.333,0.737,1.0,36.0,,0.29795,0.06453,0.28795,0.05453,0.01
4a9fe1026ba14f91,STB,2025-10-15,^FTAS,Andrew Phillips,PDMR-only,T4,92.67,234930000,1,0,Financials,STB-2025-10-14,0,44.17,Moderate,1.25,0.2,0.0,0.737,0.729,113.0,6.0,0.09077,0.55739,0.08077,0.54739,0.01
34bad5062c82542e,STB,2025-10-22,^FTAS,Ian Corfield,CEO,T1a,124366.11,234930000,1,0,Financials,STB-2025-10-14,0,100.0,Exceptional,2.0,1.0,0.465,0.737,0.529,106.0,13.0,0.11172,0.51774,0.10172,0.50774,0.01
dffe93df8448ee03,STB,2026-01-07,^FTAS,Ian Corfield,CEO,T1a,99484.47,234930000,1,0,Financials,,0,45.75,Moderate,0.75,1.0,0.433,0.737,0.1,29.0,90.0,0.11676,-0.02972,0.10676,-0.03972,0.01
1f456aa0cdde4a54,STB,2026-01-07,^FTAS,Ian Corfield,CEO,T1a,99488.81,234930000,1,0,Financials,,0,45.75,Moderate,0.75,1.0,0.433,0.737,0.1,29.0,90.0,0.11676,-0.02972,0.10676,-0.03972,0.01
e85e383b27e282b4,STB,2026-03-31,^FTAS,Ian Corfield,CEO,T1a,49737.03,234930000,1,0,Financials,,0,0.0,Low,0.0,1.0,0.333,0.737,1.0,44.0,19.0,-0.01278,,-0.02278,,0.01
49574f52866e4ff3,STG,2026-03-31,^FTAS,Matthew Taylor,NED,T3,5500,3460000,1,0,Consumer Discretionary,STG-2026-03-30,0,56.3,Moderate,1.25,0.3,0.014,1.0,0.757,185.0,5.0,-0.12532,,-0.13532,,0.01
e14989caf4b2ff1f,STG,2026-04-13,^FTAS,Mark Perrins,CEO,T1a,5460,3460000,1,0,Consumer Discretionary,STG-2026-03-30,0,74.16,High,1.25,1.0,0.013,1.0,0.386,172.0,18.0,-0.04709,,-0.05709,,0.01
4d30f42b68d067c9,STS,2025-09-09,^FTAS,Benoit Guerin,PCA,T5,9941.08,251750000,1,0,Financials,STS-2025-09-09,0,50.74,Moderate,1.0,1.0,0.099,0.725,0.1,252.0,,-0.05543,-0.14001,-0.06543,-0.15001,0.01
f3fa25f1042e2ac7,STS,2025-09-09,^FTAS,Bridget Guerin,NED,T3,9938.44,251750000,1,0,Financials,STS-2025-09-09,0,29.74,Low,1.0,0.3,0.099,0.725,0.1,252.0,,-0.05543,-0.14001,-0.06543,-0.15001,0.01
01384285b31e3a5f,SUPR,2025-07-25,^FTAS,Nick Hewson,PDMR-only,T4,31898,1030000000,0,0,Real Estate,SUPR-2025-07-24,0,39.81,Low,1.5,0.2,0.268,0.486,0.1,215.0,136.0,-0.00449,-0.0335,-0.01449,-0.0435,0.01
1d3a7e9ac7321f5b,SUPR,2025-07-25,^FTAS,Sapna Shah,NED,T3,49621.32,1030000000,0,0,Real Estate,SUPR-2025-07-24,0,47.19,Moderate,1.5,0.3,0.332,0.486,0.1,215.0,136.0,-0.00449,-0.0335,-0.01449,-0.0435,0.01
9e8199c6cedfb596,SUPR,2025-11-27,^FTAS,Nick Hewson,NED,T3,54600,1030000000,0,0,Real Estate,SUPR-2025-11-25,0,47.95,Moderate,1.25,0.3,0.346,0.486,0.46,90.0,261.0,-0.02151,-0.07814,-0.03151,-0.08814,0.01
cf67fac6f158c055,SUPR,2025-11-27,^FTAS,Roger Blundell,NED,T3,39000,1030000000,0,0,Real Estate,SUPR-2025-11-25,0,46.12,Moderate,1.25,0.3,0.297,0.486,0.46,90.0,261.0,-0.02151,-0.07814,-0.03151,-0.08814,0.01
bae413412294a882,SUPR,2025-11-27,^FTAS,Michael Perkins,Executive Director,T2,11942.79,1030000000,0,0,Real Estate,SUPR-2025-11-25,0,54.69,Moderate,1.25,0.7,0.126,0.486,0.46,90.0,261.0,-0.02151,-0.07814,-0.03151,-0.08814,0.01
2879f28f41eb78a9,SUPR,2026-03-16,^FTAS,Frances Davies,NED,T3,25131.93,1030000000,0,0,Real Estate,SUPR-2026-03-13,0,70.59,High,1.75,0.3,0.234,0.486,0.757,185.0,5.0,-0.01594,,-0.02594,,0.01
efe83184f625b5f9,SUPR,2026-03-23,^FTAS,Sapna Shah,NED,T3,39657.06,1030000000,0,0,Real Estate,SUPR-2026-03-13,0,67.75,High,1.75,0.3,0.3,0.486,0.557,178.0,12.0,-0.01231,,-0.02231,,0.01
3b8f3a04cc54538b,SYNT,2025-07-04,^FTAS,Janet Ashdown,NED,T3,19721.38,169190000,1,0,Materials,,0,75.61,High,1.5,0.3,0.199,0.793,1.0,32.0,64.0,-0.30796,-0.58717,-0.31796,-0.59717,0.01
7f50e5cd3b5de479,SYNT,2025-08-05,^FTAS,Lily Liu,CFO,T1b,12780,169190000,1,0,Materials,SYNT-2025-08-05,0,88.76,Exceptional,1.5,0.9,0.136,0.793,0.592,79.0,96.0,0.03342,-0.12183,0.02342,-0.13183,0.01
09ffca1eb1a77c1a,SYNT,2025-08-06,^FTAS,Jonathan Silver,NED,T3,38795,169190000,1,0,Materials,SYNT-2025-08-05,0,76.54,High,1.5,0.3,0.297,0.793,0.871,78.0,1.0,0.03775,-0.09233,0.02775,-0.10233,0.01
53b42551ab7ec15f,SYNT,2025-08-11,^FTAS,Uwe Halder,NED,T3,15925,169190000,1,0,Materials,SYNT-2025-08-05,0,78.03,High,1.75,0.3,0.168,0.793,0.729,73.0,6.0,0.22517,-0.03059,0.21517,-0.04059,0.01
60ec309c19a26c3f,SYNT,2025-11-12,^FTAS,Michael Willome,CEO,T1a,30983.4,169190000,1,0,Materials,,0,82.8,Exceptional,1.25,1.0,0.264,0.793,0.604,78.0,20.0,0.15071,-0.52724,0.14071,-0.53724,0.01
361e46cb561f68ca,SYS,2026-02-03,^FTAS,Heejae Chae,Chair (executive),T7,99993.44,15070000,1,0,Technology,,0,77.83,High,1.0,1.0,0.434,1.0,0.712,69.0,62.0,-0.13093,0.15536,-0.14093,0.14536,0.01
b360f1b6b12a9407,SYS1,2025-08-08,^FTSC,John Kearon,Founder,T1a,438730.56,42130000,1,1,Communication Services,,0,89.22,Exceptional,1.0,1.0,0.648,1.0,0.988,46.0,30.0,-0.07724,-0.47444,-0.08224,-0.47944,0.005
7e2ef08947fe3c68,SYS1,2025-09-26,^FTSC,Chris Willford,CFO,T1b,15600,42130000,1,1,Communication Services,SYS1-2025-09-25,0,68.6,High,1.0,0.9,0.165,1.0,0.814,26.0,3.0,-0.10504,-0.21603,-0.11004,-0.22103,0.005
5ce3aa4941b0412c,SYS1,2025-09-30,^FTSC,James Gregory,CEO,T1a,19125,42130000,1,1,Communication Services,SYS1-2025-09-25,0,88.03,Exceptional,1.25,1.0,0.194,1.0,0.7,22.0,7.0,-0.09784,-0.20312,-0.10284,-0.20812,0.005
9a91c9f42c3e5c30,SYS1,2025-10-06,^FTSC,Sophie Tomkins,NED,T3,11000,42130000,1,1,Communication Services,SYS1-2025-09-25,0,54.92,Moderate,1.25,0.3,0.114,1.0,0.529,16.0,13.0,-0.06044,-0.19418,-0.06544,-0.19918,0.005
ea6a4e3d631f1b33,SYS1,2026-03-05,^FTSC,John Kearon,NED,T3,7225227.27,42130000,1,1,Communication Services,SYS1-2026-03-02,0,94.2,Exceptional,1.5,0.3,1.0,1.0,0.1,11.0,44.0,0.38472,,0.37972,,0.005
802ba4a59e293605,SYS1,2026-03-30,^FTSC,Conrad Bona,NED,T3,31042,42130000,1,1,Communication Services,SYS1-2026-03-02,0,71.89,High,1.5,0.3,0.264,1.0,0.5,22.0,14.0,-0.02429,,-0.02929,,0.005
94fea24517dd702d,TAM,2026-01-30,^FTAS,Judith Hogarth,PCA,T5,9996.79,357540000,1,0,Financials,,0,100.0,Exceptional,1.75,1.0,0.1,0.666,0.64,75.0,73.0,-0.18243,-0.12831,-0.19243,-0.13831,0.01
065500247b7912d5,TAM,2026-03-06,^FTAS,Lothar Mentel,Other Chief,T2,10364.54,357540000,1,0,Financials,TAM-2026-03-05,0,85.22,Exceptional,1.5,0.7,0.106,0.666,1.0,40.0,108.0,0.03727,,0.02727,,0.01
1198f4b2471e8afa,TAM,2026-03-18,^FTAS,Paul Edwards,CFO,T1b,99988,357540000,1,0,Financials,TAM-2026-03-05,0,0.0,Low,0.0,0.9,0.434,0.666,0.1,28.0,120.0,0.0961,,0.0861,,0.01
d6ba1e11475f571d,TATE,2025-07-15,^FTAS,Sarah Kuijlaars,CFO,T1b,77775,2170000000,0,0,Consumer Staples,,0,48.63,Moderate,1.0,0.9,0.397,0.36,0.1,478.0,,-0.00069,-0.31594,-0.01069,-0.32594,0.01
aaa2b88fe1e4b764,TATE,2025-10-03,^FTAS,Nick Hampton,CEO,T1a,92200,2170000000,0,0,Consumer Staples,,0,65.46,High,1.25,1.0,0.422,0.36,0.1,398.0,,0.03116,0.00288,0.02116,-0.00712,0.01
90d46cba354bf0a0,TATE,2025-11-11,^FTAS,Sarah Kuijlaars,CFO,T1b,58470,2170000000,0,0,Consumer Staples,,0,59.24,Moderate,1.25,0.9,0.356,0.36,0.1,359.0,,-0.04269,-0.16267,-0.05269,-0.17267,0.01
faa5a37f5d5be6c9,TAVI,2025-09-24,^FTAS,Johanna Rager,CFO,T1b,13051.54,13890000,1,0,Financials,,0,16.57,Low,0.25,0.9,0.139,1.0,0.729,90.0,6.0,-0.23019,-0.45953,-0.24019,-0.46953,0.01
ffd4c89bea157b45,TBTG,2025-11-26,^FTAS,Simon Cooper,NED,T3,54589.57,377010000,1,0,Consumer Staples,TBTG-2025-11-25,0,53.45,Moderate,1.5,0.3,0.346,0.657,0.1,141.0,,0.0739,-0.10415,0.0639,-0.11415,0.01
3e012f39d9e6d6d7,TBTG,2025-11-26,^FTAS,Andrew Showman,PDMR-only,T4,54589.57,377010000,1,0,Consumer Staples,TBTG-2025-11-25,0,48.95,Moderate,1.5,0.2,0.346,0.657,0.1,141.0,,0.0739,-0.10415,0.0639,-0.11415,0.01
2f0f3d4fcde95bf0,TBTG,2025-11-26,^FTAS,Sam Glynn,CFO,T1b,9927.41,377010000,1,0,Consumer Staples,TBTG-2025-11-25,0,69.34,High,1.5,0.9,0.099,0.657,0.1,141.0,,0.0739,-0.10415,0.0639,-0.11415,0.01
6173184b56933136,TBTG,2025-11-26,^FTAS,Laurence Newman,CEO,T1a,29776.64,377010000,1,0,Consumer Staples,TBTG-2025-11-25,0,81.0,Exceptional,1.5,1.0,0.258,0.657,0.1,141.0,,0.0739,-0.10415,0.0639,-0.11415,0.01
8a0d6af145fec52a,TCF,2025-10-16,^FTAS,Edward James Norman Wardle,NED,T3,12849.02,4840000,1,0,Health Care,,0,52.45,Moderate,1.0,0.3,0.137,1.0,0.964,48.0,135.0,-0.11968,-0.05275,-0.12968,-0.06275,0.01
af93f581642c8918,TENG,2025-11-13,^FTAS,William Cheatle,PCA,T5,998.52,89710000,1,0,Consumer Discretionary,,0,49.13,Moderate,0.75,1.0,0.0,0.901,0.871,123.0,1.0,0.22319,0.13559,0.21319,0.12559,0.01
83e60934a5af072a,TET,2025-08-19,^FTAS,David Shannon,CEO,T1a,28.73,177990000,1,0,Materials,,0,98.11,Exceptional,2.0,1.0,0.0,0.784,0.1,469.0,,0.22726,-0.13023,0.21726,-0.14023,0.01
a09a955212243f12,THX,2026-02-18,^FTAS,Adrian Coates,NED,T3,32855.72,426610000,1,0,Materials,,0,38.01,Low,1.0,0.3,0.273,0.636,0.0,,,-0.03413,-0.32436,-0.04413,-0.33436,0.01
d9c90e3d24ca3f0f,TIME,2025-09-26,^FTAS,James Roberts,CFO,T1b,6438.7,41940000,1,0,Financials,,0,34.05,Low,0.5,0.9,0.037,1.0,1.0,32.0,2.0,-0.1942,-0.15065,-0.2042,-0.16065,0.01
2b33ac36f84e286d,TIN,2025-10-09,^FTAS,Fawzi Hanano,Other Chief,T2,20025,138020000,1,0,Materials,,0,70.55,High,1.5,0.7,0.201,0.828,0.1,175.0,,-0.00435,14.93274,-0.01435,14.92274,0.01
43a1520934dacb6d,TIN,2025-12-11,^FTAS,Samantha Hoe-Richardson,NED,T3,19372.5,138020000,1,0,Materials,,0,54.92,Moderate,1.5,0.3,0.196,0.828,0.196,112.0,,13.94585,12.13189,13.93585,12.12189,0.01
c4c2972aee780886,TLW,2026-05-26,^FTAS,Richard Miller,CFO,T1b,19550,232400000,1,0,Energy,TLW-2026-05-26,0,46.17,Moderate,0.75,0.9,0.197,0.739,0.688,71.0,28.0,,,,,0.01
ff2607af60c4ea9c,TMG,2025-10-10,^FTAS,John Carey,CEO,T1a,5875,15850000,1,0,Communication Services,,0,75.2,High,1.25,1.0,0.023,1.0,0.414,95.0,17.0,-0.24203,-0.34055,-0.25203,-0.35055,0.01
a8770d01281ecfa6,TMG,2026-05-19,^FTAS,John Carey,CEO,T1a,29849.79,15850000,1,0,Communication Services,TMG-2026-05-19,0,76.95,High,1.25,1.0,0.259,1.0,0.1,126.0,56.0,0.26692,,0.25692,,0.01
f4c03cf7bc29c7a5,TMG,2026-05-19,^FTAS,Claudine Collins,NED,T3,14924.81,15850000,1,0,Communication Services,TMG-2026-05-19,0,46.94,Moderate,1.25,0.3,0.158,1.0,0.1,126.0,56.0,0.26692,,0.25692,,0.01
febf59ac5483f87a,TMG,2026-05-19,^FTAS,Jon Kempster,NED,T3,10506.82,15850000,1,0,Communication Services,TMG-2026-05-19,0,45.03,Moderate,1.25,0.3,0.108,1.0,0.1,126.0,56.0,0.26692,,0.25692,,0.01
752a580ff707a718,TMG,2026-05-19,^FTAS,Claudine Collins,NED,T3,20145.6,15850000,1,0,Communication Services,TMG-2026-05-19,0,48.57,Moderate,1.25,0.3,0.202,1.0,0.1,126.0,56.0,0.26692,,0.25692,,0.01
fa62c7c29fd3c695,TMG,2026-05-21,^FTAS,David Zwirn,PCA,T5,20145.6,15850000,1,0,Communication Services,TMG-2026-05-19,0,100.0,Exceptional,1.75,1.0,0.202,1.0,0.1,124.0,58.0,,,,,0.01
465da1a79c03daeb,TMG,2026-05-21,^FTAS,Jon Kempster,NED,T3,10506.82,15850000,1,0,Communication Services,TMG-2026-05-19,0,63.04,High,1.75,0.3,0.108,1.0,0.1,124.0,58.0,,,,,0.01
0052eb5c00d6df75,TMG,2026-05-21,^FTAS,Claudine Collins,NED,T3,14924.81,15850000,1,0,Communication Services,TMG-2026-05-19,0,65.71,High,1.75,0.3,0.158,1.0,0.1,124.0,58.0,,,,,0.01
49549cbb393ada9e,TMG,2026-05-21,^FTAS,John Carey,CEO,T1a,29849.79,15850000,1,0,Communication Services,TMG-2026-05-19,0,100.0,Exceptional,1.75,1.0,0.259,1.0,0.1,124.0,58.0,,,,,0.01
89fb5e0f5b45ca34,TND,2025-07-01,^FTAS,Simon Bragg,NED,T3,9500,9380000,1,0,Consumer Discretionary,,0,57.98,Moderate,1.25,0.3,0.093,1.0,0.7,87.0,7.0,0.00912,-0.17996,-0.00088,-0.18996,0.01
e0ff4f0cfeee61e8,TND,2025-07-02,^FTAS,Simon Bragg,NED,T3,9375,9380000,1,0,Consumer Discretionary,,0,57.27,Moderate,1.25,0.3,0.091,1.0,0.671,86.0,8.0,-0.0729,-0.24586,-0.0829,-0.25586,0.01
d9fd830eed0d2db6,TND,2025-09-29,^FTAS,Simon Bragg,NED,T3,14062.5,9380000,1,0,Consumer Discretionary,,0,75.22,High,1.5,0.3,0.15,1.0,0.814,130.0,3.0,-0.11797,-0.20038,-0.12797,-0.21038,0.01
30d2f869ae537218,TND,2025-10-14,^FTAS,Simon Bragg,NED,T3,28050,9380000,1,0,Consumer Discretionary,,0,68.15,High,1.5,0.3,0.25,1.0,0.386,115.0,18.0,-0.11762,-0.21636,-0.12762,-0.22636,0.01
32a1a3efa3c53bdd,TND,2025-10-20,^FTAS,Simon Bragg,NED,T3,9350,9380000,1,0,Consumer Discretionary,,0,56.84,Moderate,1.5,0.3,0.091,1.0,0.232,109.0,24.0,-0.11676,-0.22507,-0.12676,-0.23507,0.01
0b9a8941791023cd,TON,2025-07-07,^FTAS,Jamie Brooke,NED,T3,8500,9000000,1,0,Industrials,,0,77.98,High,2.0,0.3,0.077,1.0,0.316,102.0,68.0,-0.03579,-0.13912,-0.04579,-0.14912,0.01
d5698fc5386e548a,TON,2025-12-02,^FTAS,Jamie Brooke,NED,T3,19999.8,9000000,1,0,Industrials,,0,83.26,Exceptional,2.0,0.3,0.201,1.0,0.256,107.0,46.0,-0.05554,-0.30252,-0.06554,-0.31252,0.01
3ae804f49b1723d6,TPFG,2025-11-18,^FTAS,Gareth Samples,CEO,T1a,48196,310790000,1,0,Real Estate,TPFG-2025-11-14,0,71.02,High,1.25,1.0,0.328,0.69,0.1,16.0,69.0,0.03928,-0.13633,0.02928,-0.14633,0.01
9f11044bc68fcb7a,TPFG,2025-11-20,^FTAS,Michelle Brook,Executive Director,T2,48050,310790000,1,0,Real Estate,TPFG-2025-11-14,0,59.75,Moderate,1.25,0.7,0.328,0.69,0.1,14.0,71.0,-0.02252,-0.19379,-0.03252,-0.20379,0.01
6d903d73c71bb854,TRD,2025-07-02,^FTAS,Alison Lander,NED,T3,19997.95,49670000,1,0,Technology,,0,44.99,Moderate,1.0,0.3,0.201,1.0,0.443,146.0,16.0,-0.24069,-0.13091,-0.25069,-0.14091,0.01
c3866a7ef4d04263,TRI,2025-09-05,^FTAS,Serena Lang,NED,T3,22452.48,91240000,1,0,Industrials,,0,46.34,Moderate,1.25,0.3,0.217,0.898,0.1,6.0,57.0,-0.01746,-0.23089,-0.02746,-0.24089,0.01
1d97b2aa6e4a5d12,TRI,2025-10-15,^FTAS,Clive Watson,NED,T3,1370.63,91240000,1,0,Industrials,TRI-2025-10-10,0,53.47,Moderate,1.75,0.3,0.0,0.898,0.1,6.0,34.0,-0.14597,-0.13803,-0.15597,-0.14803,0.01
8c061e153d38d488,TRI,2026-02-17,^FTAS,Iain Percival,CEO,T1a,99005.6,91240000,1,0,Industrials,,0,100.0,Exceptional,1.5,1.0,0.432,0.898,0.757,71.0,5.0,-0.12681,-0.15193,-0.13681,-0.16193,0.01
2bd53b85a18c7fcd,TRI,2026-03-31,^FTAS,Laura Whyte,NED,T3,6935.5,91240000,1,0,Industrials,TRI-2026-03-30,0,55.95,Moderate,1.75,0.3,0.047,0.898,0.1,29.0,47.0,-0.05666,,-0.06666,,0.01
9829b15839728679,TRI,2026-04-17,^FTAS,Clive Watson,NED,T3,694.72,91240000,1,0,Industrials,TRI-2026-03-30,0,38.19,Low,1.25,0.3,0.0,0.898,0.1,12.0,64.0,-0.03633,,-0.04633,,0.01
8f9570c84083e53c,TRST,2025-09-18,^FTAS,Zillah Byng-Thorne,NED,T3,59687.13,982280000,0,0,Technology,,0,16.22,Low,0.5,0.3,0.359,0.494,0.1,301.0,,-0.17422,-0.25861,-0.18422,-0.26861,0.01
15816d909ffbd2bc,TRST,2025-10-23,^FTAS,Adrian Blair,CEO,T1a,24811.52,982280000,0,0,Technology,,0,49.63,Moderate,1.0,1.0,0.232,0.494,0.1,266.0,,-0.38647,-0.39654,-0.39647,-0.40654,0.01
bc2e30dc6db1d8f2,TRST,2025-12-04,^FTAS,Zillah Byng-Thorne,NED,T3,149240.08,982280000,0,0,Technology,TRST-2025-12-04,0,27.32,Low,0.75,0.3,0.492,0.494,0.1,224.0,,0.56433,0.83289,0.55433,0.82289,0.01
39bd4b3e7f4aa9d7,TRST,2025-12-05,^FTAS,Hanno Damm,CFO,T1b,69875,982280000,0,0,Technology,TRST-2025-12-04,0,38.34,Low,0.75,0.9,0.382,0.494,0.1,223.0,,0.39023,0.62417,0.38023,0.61417,0.01
5f3403bf822949de,TRST,2025-12-09,^FTAS,Adrian Blair,CEO,T1a,24872.97,982280000,0,0,Technology,TRST-2025-12-04,0,37.23,Low,0.75,1.0,0.232,0.494,0.1,219.0,,0.27005,0.53154,0.26005,0.52154,0.01
7ce9578669528a31,TRST,2026-02-11,^FTAS,Aurore Blair,PCA,T5,24872.97,982280000,0,0,Technology,TRST-2025-12-04,0,49.64,Moderate,1.0,1.0,0.232,0.494,0.1,155.0,,0.41659,0.69408,0.40659,0.68408,0.01
a2cf5f4231b4cb18,TRST,2026-04-07,^FTAS,Aurore Blair,PCA,T5,24812.75,982280000,0,0,Technology,TRST-2026-04-02,0,26.97,Low,0.5,1.0,0.232,0.494,0.34,100.0,,0.12744,,0.11744,,0.01
0ec6457621ebf1f6,TRST,2026-04-23,^FTAS,Mohammed Anjarwala,NED,T3,3890.76,982280000,0,0,Technology,TRST-2026-04-02,0,0.0,Low,0.0,0.3,0.0,0.494,0.532,84.0,,0.01217,,0.00217,,0.01
aaf6f613708486cd,TRT,2025-07-21,^FTAS,Ryan Maughan,Executive Director,T2,12490.14,8750000,1,0,Consumer Discretionary,,0,76.4,High,1.25,0.7,0.133,1.0,0.786,64.0,4.0,-0.09121,-0.24491,-0.10121,-0.25491,0.01
953696c2a72abdbc,TRT,2026-03-13,^FTAS,Ryan Maughan,Executive Director,T2,9992,8750000,1,0,Consumer Discretionary,,0,47.81,Moderate,1.0,0.7,0.1,1.0,0.1,193.0,24.0,-0.16501,,-0.17501,,0.01
911026f5aa642158,TRUE,2026-05-08,^FTAS,Trevor Brown,CEO,T1a,63.17,2630000,1,0,Financials,,0,100.0,Exceptional,1.75,1.0,0.0,1.0,0.892,54.0,303.0,0.48058,,0.47058,,0.01
e4791151d1e12410,TSCO,2025-11-26,^FTAS,Stewart Gilliland,NED,T3,95.13,28590000000,0,0,Consumer Staples,,0,19.5,Low,1.5,0.3,0.0,0.1,0.1,141.0,,-0.12738,-0.01523,-0.13738,-0.02523,0.01
662a5917107285d7,TST,2026-03-05,^FTAS,Lynden Jones,CEO,T1a,16974,6100000,1,0,Technology,,0,100.0,Exceptional,1.75,1.0,0.177,1.0,0.1,250.0,79.0,-0.12478,,-0.13478,,0.01
03b12840f77ae5fd,TSTL,2026-03-23,^FTAS,Caroline Stephens,NED,T3,76.49,182350000,1,0,Health Care,,0,31.56,Low,1.0,0.3,0.0,0.78,0.3,203.0,21.0,0.0583,,0.0483,,0.01
0cb31f972b904b46,TW,2025-12-15,^FTAS,Mark Castle,NED,T3,2302.14,2690000000,0,0,Consumer Discretionary,,0,22.38,Low,1.25,0.3,0.0,0.323,0.1,228.0,,0.00697,-0.2346,-0.00303,-0.2446,0.01
741b9c4f62cb0884,UKW,2026-05-14,^FTAS,Lucinda Riches,Chair (executive),T7,50828.5,2230000000,0,0,Financials,UKW-2026-05-13,0,59.18,Moderate,1.0,1.0,0.336,0.355,0.628,76.0,77.0,0.03902,,0.02902,,0.01
5f88eb17f2d71b15,ULVR,2025-11-19,^FTAS,Zoe Yujnovich,NED,T3,71902.6,90700000000,0,0,Consumer Staples,,0,40.17,Moderate,1.25,0.3,0.386,0.1,0.52,85.0,,-0.07145,-0.10942,-0.08145,-0.11942,0.01
398e00c50834e7c7,ULVR,2026-05-06,^FTAS,Zoe Yujnovich,NED,T3,15242.1,90700000000,0,0,Consumer Staples,ULVR-2026-04-30,0,51.02,Moderate,1.75,0.3,0.161,0.1,0.729,83.0,6.0,-0.00825,,-0.01825,,0.01
12bf970d9b6670d3,UMR,2025-11-28,^FTAS,Jason Brewer,Executive Director,T2,20432.5,1840000,1,0,Materials,UMR-2025-11-25,0,100.0,Exceptional,1.75,0.7,0.204,1.0,0.814,353.0,3.0,-0.0463,-0.33073,-0.0563,-0.34073,0.01
caec0cd7dbd48646,UMR,2025-12-04,^FTAS,Patrick Doherty,Chair (executive),T7,11000,1840000,1,0,Materials,UMR-2025-11-25,0,100.0,Exceptional,1.5,1.0,0.114,1.0,0.643,347.0,9.0,0.13934,-0.26533,0.12934,-0.27533,0.01
6c45c69a985cdcec,UMR,2026-01-06,^FTAS,Patrick Doherty,Chair (executive),T7,5500,1840000,1,0,Materials,UMR-2025-11-25,0,67.77,High,1.25,1.0,0.014,1.0,0.1,314.0,42.0,-0.2001,-0.17213,-0.2101,-0.18213,0.01
8d1188e892e30438,UTG,2025-10-10,^FTAS,Ross Paterson,NED,T3,31059.5,2630000000,0,0,Real Estate,,0,25.92,Low,1.0,0.3,0.264,0.327,0.1,271.0,,-0.13349,-0.18565,-0.14349,-0.19565,0.01
b1afc0c537a3cc3f,UTG,2025-12-08,^FTAS,Michael Burt,CFO,T1b,52224,2630000000,0,0,Real Estate,UTG-2025-12-05,0,69.27,High,1.5,0.9,0.34,0.327,0.1,212.0,,0.0696,-0.17023,0.0596,-0.18023,0.01
984217af98ccf68f,UTG,2025-12-08,^FTAS,Joe Lister,CEO,T1a,52645,2630000000,0,0,Real Estate,UTG-2025-12-05,0,73.82,High,1.5,1.0,0.341,0.327,0.1,212.0,,0.0696,-0.17023,0.0596,-0.18023,0.01
ad00921ceda75575,UTG,2026-02-25,^FTAS,Richard Huntingford,Chair (executive),T7,200940.65,2630000000,0,0,Real Estate,,0,55.03,Moderate,1.0,1.0,0.535,0.327,0.1,133.0,,-0.04882,,-0.05882,,0.01
b6b70ef6d96070a4,UTL,2025-07-04,^FTAS,Peter Durhager,NED,T3,12723.65,187210000,1,0,Utilities,UTL-2025-06-17,0,36.74,Low,1.0,0.3,0.135,0.776,0.0,,,0.03387,0.33112,0.02387,0.32112,0.01
017da0821ba102ed,UTL,2025-07-04,^FTAS,Stuart Bridges,NED,T3,13320.09,187210000,1,0,Utilities,UTL-2025-06-17,0,36.98,Low,1.0,0.3,0.142,0.776,0.0,,,0.03387,0.33112,0.02387,0.32112,0.01
0f7c129316b5ba7c,UTL,2025-07-04,^FTAS,David Shillson,NED,T3,9858.09,187210000,1,0,Utilities,UTL-2025-06-17,0,35.38,Low,1.0,0.3,0.098,0.776,0.0,,,0.03387,0.33112,0.02387,0.32112,0.01
f88bffacc7f42853,UTL,2025-07-04,^FTAS,Alison Hill,NED,T3,9858.09,187210000,1,0,Utilities,UTL-2025-06-17,0,35.38,Low,1.0,0.3,0.098,0.776,0.0,,,0.03387,0.33112,0.02387,0.32112,0.01
1f6565d195282d01,UTL,2025-10-01,^FTAS,Alison Hill,NED,T3,10210.12,187210000,1,0,Utilities,UTL-2025-10-01,0,35.57,Low,1.0,0.3,0.103,0.776,0.0,,,0.22069,0.05006,0.21069,0.04006,0.01
393052416d8eb49d,UTL,2025-10-01,^FTAS,David Shillson,NED,T3,10210.12,187210000,1,0,Utilities,UTL-2025-10-01,0,35.57,Low,1.0,0.3,0.103,0.776,0.0,,,0.22069,0.05006,0.21069,0.04006,0.01
93cc470360fa04ab,UTL,2025-10-01,^FTAS,Peter Durhager,NED,T3,13182.68,187210000,1,0,Utilities,UTL-2025-10-01,0,36.92,Low,1.0,0.3,0.14,0.776,0.0,,,0.22069,0.05006,0.21069,0.04006,0.01
a30d0dfe5a3c94f9,UTL,2025-10-01,^FTAS,Stuart Bridges,NED,T3,13805.4,187210000,1,0,Utilities,UTL-2025-10-01,0,37.17,Low,1.0,0.3,0.147,0.776,0.0,,,0.22069,0.05006,0.21069,0.04006,0.01
73d2ecb1433f500e,UTL,2026-01-05,^FTAS,Stuart Bridges,NED,T3,13804.69,187210000,1,0,Utilities,UTL-2026-01-05,0,37.17,Low,1.0,0.3,0.147,0.776,0.0,,,-0.03956,0.13304,-0.04956,0.12304,0.01
fb71cd3bad9cacf9,UTL,2026-01-05,^FTAS,David Shillson,NED,T3,10210.94,187210000,1,0,Utilities,UTL-2026-01-05,0,35.57,Low,1.0,0.3,0.103,0.776,0.0,,,-0.03956,0.13304,-0.04956,0.12304,0.01
83b3bd82a1b59919,UTL,2026-01-05,^FTAS,Peter Durhager,NED,T3,13182.81,187210000,1,0,Utilities,UTL-2026-01-05,0,36.92,Low,1.0,0.3,0.14,0.776,0.0,,,-0.03956,0.13304,-0.04956,0.12304,0.01
befee0191a1417b0,UTL,2026-03-13,^FTAS,Stuart Bridges,NED,T3,25740,187210000,1,0,Utilities,UTL-2026-03-12,0,40.47,Moderate,1.0,0.3,0.237,0.776,0.0,,,0.01244,,0.00244,,0.01
7aa53a50a85e86ec,UTL,2026-03-19,^FTAS,Stuart Bridges,NED,T3,41151.7,187210000,1,0,Utilities,UTL-2026-03-12,0,42.95,Moderate,1.0,0.3,0.305,0.776,0.0,,,-0.04298,,-0.05298,,0.01
d31bd06f4b00e6d8,UTL,2026-03-20,^FTAS,Stuart Bridges,NED,T3,27353.23,187210000,1,0,Utilities,UTL-2026-03-12,0,40.79,Moderate,1.0,0.3,0.246,0.776,0.0,,,-0.08843,,-0.09843,,0.01
6015e11d5893121e,UTL,2026-04-01,^FTAS,David Shillson,NED,T3,10210,187210000,1,0,Utilities,UTL-2026-03-12,0,35.57,Low,1.0,0.3,0.103,0.776,0.0,,,0.00387,,-0.00613,,0.01
e1d94661c3132794,UTL,2026-04-01,^FTAS,Stuart Bridges,NED,T3,13804,187210000,1,0,Utilities,UTL-2026-03-12,0,37.17,Low,1.0,0.3,0.147,0.776,0.0,,,0.00387,,-0.00613,,0.01
db7f289bf1cedfc9,UTL,2026-04-01,^FTAS,Peter Durhager,NED,T3,13184,187210000,1,0,Utilities,UTL-2026-03-12,0,36.92,Low,1.0,0.3,0.14,0.776,0.0,,,0.00387,,-0.00613,,0.01
9a2df46e34c23ff1,UTL,2026-04-07,^FTAS,Stuart Bridges,NED,T3,9980.36,187210000,1,0,Utilities,UTL-2026-03-12,0,44.31,Moderate,1.25,0.3,0.1,0.776,0.0,,,-0.00341,,-0.01341,,0.01
7462121ea8064aed,UTL,2026-04-07,^FTAS,Stuart Bridges,NED,T3,15756.7,187210000,1,0,Utilities,UTL-2026-03-12,0,47.33,Moderate,1.25,0.3,0.166,0.776,0.0,,,-0.00341,,-0.01341,,0.01
910646c0fa80a02a,UTL,2026-04-15,^FTAS,Stuart Bridges,NED,T3,10183.6,187210000,1,0,Utilities,UTL-2026-03-12,0,44.44,Moderate,1.25,0.3,0.103,0.776,0.0,,,0.03445,,0.02445,,0.01
811d3f8fe733cfc8,UU,2026-03-12,^FTAS,Jane Simpson,PDMR-only,T4,45798.37,9840000000,0,0,Utilities,,0,19.68,Low,1.0,0.2,0.321,0.103,0.1,127.0,,-0.01961,,-0.02961,,0.01
d4944686b27d7055,VAL,2026-03-04,^FTAS,Mark Eccleston,CEO,T1a,3300,1370000,1,0,Health Care,,0,67.25,High,1.25,1.0,0.0,1.0,0.1,459.0,271.0,-0.11747,,-0.12747,,0.01
69ab8b267cb89d22,VANQ,2026-03-04,^FTAS,Dave Watts,CFO,T1b,32698.8,271360000,1,0,Financials,,0,76.86,High,1.25,0.9,0.272,0.713,0.592,79.0,119.0,0.02765,,0.01765,,0.01
3d8b1b20ff26bffc,VCP,2025-12-19,^FTAS,Philippe Hamers,CEO,T1a,21790.91,46080000,1,0,Consumer Discretionary,VCP-2025-12-18,0,100.0,Exceptional,1.5,1.0,0.213,1.0,0.748,66.0,18.0,-0.33336,-0.09547,-0.34336,-0.10547,0.01
c914007747fa90cf,VCP,2026-01-13,^FTAS,Steve Callaghan,NED,T3,98618,46080000,1,0,Consumer Discretionary,VCP-2025-12-18,0,77.44,High,1.25,0.3,0.432,1.0,1.0,41.0,43.0,-0.29708,-0.05355,-0.30708,-0.06355,0.01
18033278fe0972e5,VCP,2026-01-22,^FTAS,Gavin Petken,NED,T3,19999.88,46080000,1,0,Consumer Discretionary,VCP-2025-12-18,0,55.02,Moderate,1.0,0.3,0.201,1.0,1.0,32.0,52.0,-0.21135,0.32627,-0.22135,0.31627,0.01
f10d92ebce5f38ef,VCT,2025-07-08,^FTAS,Vivienne Cox,Chair (executive),T7,19805.87,529720000,0,0,Materials,,0,76.44,High,1.5,1.0,0.199,0.599,0.1,147.0,,-0.05783,-0.23196,-0.06783,-0.24196,0.01
9c7a8412069965aa,VCT,2025-12-18,^FTAS,Ian Melling,CFO,T1b,22505,529720000,0,0,Materials,,0,95.45,Exceptional,1.5,0.9,0.218,0.599,0.94,50.0,16.0,-0.01794,-0.11673,-0.02794,-0.12673,0.01
54f0336c15a05920,VEIL,2025-07-03,^FTAS,Edphawin Jetjirawat,NED,T3,183000,1050000000,0,0,Financials,,0,43.0,Moderate,1.0,0.3,0.521,0.483,0.0,,,0.13685,0.10832,0.12685,0.09832,0.01
67165c7425bd2f0e,VLG,2025-07-07,^FTAS,Paul McGreevy,NED,T3,39998.71,79800000,1,0,Health Care,,0,40.08,Moderate,1.0,0.3,0.301,0.921,0.1,267.0,,-0.05274,-0.18761,-0.06274,-0.19761,0.01
dc4852e94d6bcdd8,VLG,2025-10-03,^FTAS,Mark Adams,NED,T3,49999.64,79800000,1,0,Health Care,,0,41.05,Moderate,1.0,0.3,0.333,0.921,0.1,179.0,,0.03651,0.17028,0.02651,0.16028,0.01
4f9c9e172808aff1,VLX,2025-09-15,^FTAS,John Wilson,NED,T3,83.78,1160000000,0,0,Industrials,,0,46.56,Moderate,1.25,0.3,0.0,0.466,1.0,31.0,161.0,0.1032,0.31484,0.0932,0.30484,0.01
48e1da619a826636,VLX,2025-12-11,^FTAS,Dave Webster,NED,T3,461809.18,1160000000,0,0,Industrials,,0,99.58,Exceptional,1.75,0.3,0.655,0.466,1.0,41.0,56.0,0.06733,0.35008,0.05733,0.34008,0.01
2e81619e5d1c3bb2,VLX,2025-12-15,^FTAS,Dave Webster,NED,T3,160099.38,1160000000,0,0,Industrials,,0,78.46,High,1.5,0.3,0.502,0.466,1.0,37.0,60.0,0.05959,0.39728,0.04959,0.38728,0.01
47350ba95779dca6,VLX,2026-02-02,^FTAS,John Molloy,Other Chief,T2,143912.11,1160000000,0,0,Industrials,,0,62.55,High,1.0,0.7,0.486,0.466,0.928,51.0,12.0,-0.02126,0.33401,-0.03126,0.32401,0.01
5bf406be02169175,VNET,2025-07-29,^FTAS,James Dickson,CEO,T1a,18200,19610000,1,0,Industrials,,0,96.24,Exceptional,1.5,1.0,0.187,1.0,0.364,98.0,49.0,-0.07783,-0.33239,-0.08783,-0.34239,0.01
524e4609dd6934eb,VNET,2026-02-20,^FTAS,James Dickson,CEO,T1a,27600,19610000,1,0,Industrials,,0,100.0,Exceptional,1.5,1.0,0.247,1.0,0.724,68.0,15.0,-0.02047,,-0.03047,,0.01
12095c87276ff692,VOD,2025-08-06,^FTAS,Lady Anna Carter,PCA,T5,2262.78,25420000000,0,0,Communication Services,VOD-2025-08-04,0,25.5,Low,0.75,1.0,0.0,0.1,0.1,279.0,,-0.0148,0.05228,-0.0248,0.04228,0.01
1286383ac78261e0,VOD,2025-08-06,^FTAS,Simon Dingemans,NED,T3,969.4,25420000000,0,0,Communication Services,VOD-2025-08-04,0,9.75,Low,0.75,0.3,0.0,0.1,0.1,279.0,,-0.0148,0.05228,-0.0248,0.04228,0.01
550d0a911c81cdbc,VOD,2025-08-07,^FTAS,Joakim Reiter,Other Chief,T2,52674.98,25420000000,0,0,Communication Services,VOD-2025-08-04,0,35.23,Low,1.0,0.7,0.341,0.1,0.1,278.0,,0.01164,0.0799,0.00164,0.0699,0.01
c6462685b28a0a5c,VOD,2025-08-07,^FTAS,Christine Ramon,NED,T3,114668.48,25420000000,0,0,Communication Services,VOD-2025-08-04,0,26.6,Low,1.0,0.3,0.453,0.1,0.1,278.0,,0.01164,0.0799,0.00164,0.0699,0.01
abbf24a86098ace5,VOD,2025-08-11,^FTAS,Jean-Fran,Chair (executive),T7,24844.36,25420000000,0,0,Communication Services,VOD-2025-08-04,0,40.96,Moderate,1.0,1.0,0.232,0.1,0.1,274.0,,-0.02671,0.05317,-0.03671,0.04317,0.01
6f8f968c7b24dbef,VOD,2025-11-14,^FTAS,Jeramy Rankine,PCA,T5,19890.31,25420000000,0,0,Communication Services,VOD-2025-11-14,0,40.0,Low,1.0,1.0,0.2,0.1,0.1,179.0,,0.02315,0.1428,0.01315,0.1328,0.01
a6e25ed8938041e5,VOD,2025-11-19,^FTAS,Lady Anna Maria Carter,PCA,T5,49626.12,25420000000,0,0,Communication Services,VOD-2025-11-14,0,43.97,Moderate,1.0,1.0,0.332,0.1,0.1,174.0,,0.03496,0.17201,0.02496,0.16201,0.01
f7db3c84d4183be0,VOD,2026-02-09,^FTAS,Simon Dingemans,NED,T3,996.87,25420000000,0,0,Communication Services,VOD-2026-02-05,0,19.05,Low,1.0,0.3,0.0,0.1,0.436,92.0,,0.00303,-0.05545,-0.00697,-0.06545,0.01
09bea8f15660bbda,VOD,2026-02-09,^FTAS,Lady Anna Carter,PCA,T5,3336.9,25420000000,0,0,Communication Services,VOD-2026-02-05,0,40.05,Moderate,1.0,1.0,0.0,0.1,0.436,92.0,,0.00303,-0.05545,-0.00697,-0.06545,0.01
5735837c4627f8b4,VOD,2026-02-12,^FTAS,Jean- François van Boxmeer,Chair (executive),T7,27114.9,25420000000,0,0,Communication Services,VOD-2026-02-05,0,60.05,High,1.25,1.0,0.245,0.1,0.472,89.0,,0.01791,-0.07141,0.00791,-0.08141,0.01
7d8578f8f6ee90c2,VOD,2026-02-12,^FTAS,Joakim Reiter,Other Chief,T2,59661.99,25420000000,0,0,Communication Services,VOD-2026-02-05,0,53.08,Moderate,1.25,0.7,0.359,0.1,0.472,89.0,,0.01791,-0.07141,0.00791,-0.08141,0.01
78f1d18739a3b116,VOD,2026-05-14,^FTAS,Simon Segars,NED,T3,57182.5,25420000000,0,0,Communication Services,,0,46.19,Moderate,1.25,0.3,0.353,0.1,0.843,70.0,2.0,-0.09915,,-0.10915,,0.01
3c951db356642c6a,VSVS,2025-09-25,^FTAS,Mark Collis,CFO,T1b,4823.46,1120000000,0,0,Materials,,0,68.69,High,1.25,0.9,0.0,0.472,0.976,47.0,63.0,-0.05765,0.13737,-0.06765,0.12737,0.01
ebd7c96be4edaadd,VSVS,2025-10-03,^FTAS,Mark Collis,CFO,T1b,1133.92,1120000000,0,0,Materials,,0,69.23,High,1.25,0.9,0.0,0.472,1.0,39.0,71.0,-0.01025,0.14757,-0.02025,0.13757,0.01
a02224b7f23dfbfe,VTY,2025-08-06,^FTAS,Greg Fitzgerald,CEO,T1a,496261.81,826370000,0,0,Consumer Discretionary,,0,79.11,High,1.25,1.0,0.666,0.524,0.1,280.0,,0.05282,-0.03658,0.04282,-0.04658,0.01
9ca5331448840287,VTY,2026-03-05,^FTAS,Paul Whetsell,NED,T3,28440,826370000,0,0,Consumer Discretionary,VTY-2026-03-04,0,40.88,Moderate,1.0,0.3,0.252,0.524,0.712,69.0,,-0.26444,,-0.27444,,0.01
c48409bc6006d33e,VTY,2026-03-12,^FTAS,Greg Fitzgerald,CEO,T1a,893303.14,826370000,0,0,Consumer Discretionary,VTY-2026-03-04,0,78.37,High,1.0,1.0,0.751,0.524,0.796,62.0,,-0.1883,,-0.1983,,0.01
c405f09213822486,VTY,2026-03-16,^FTAS,Stephen Teagle,Divisional / Regional Exec,T2,75089.89,826370000,0,0,Consumer Discretionary,VTY-2026-03-04,0,59.48,Moderate,1.0,0.7,0.392,0.524,0.844,58.0,,-0.17069,,-0.18069,,0.01
65ac6d912f548413,VTY,2026-04-20,^FTAS,Rob Woodward,Chair (executive),T7,64666.07,826370000,0,0,Consumer Discretionary,,0,65.79,High,1.25,1.0,0.371,0.524,0.0,23.0,,-0.2504,,-0.2604,,0.01
db545a8887bcc91d,WIL,2025-09-22,^FTAS,Gordon Hurst,NED,T3,104625,232840000,1,0,Industrials,,0,54.82,Moderate,1.25,0.3,0.44,0.739,0.3,121.0,21.0,-0.11339,-0.23341,-0.12339,-0.24341,0.01
4c39494b030825c9,WIL,2025-11-28,^FTAS,Mark Milner,CEO,T1a,24811.96,232840000,1,0,Industrials,,0,100.0,Exceptional,2.0,1.0,0.232,0.739,0.892,54.0,88.0,-0.07279,-0.28593,-0.08279,-0.29593,0.01
b7644d24f03fe501,WINE,2025-09-10,^FTAS,Jack Pailing,NED,T3,46801,49550000,1,0,Consumer Staples,WINE-2025-09-10,0,53.14,Moderate,1.25,0.3,0.324,1.0,0.1,141.0,,-0.10051,-0.27032,-0.11051,-0.28032,0.01
e816b54427d7bc0b,WINE,2025-10-01,^FTAS,Rodrigo Maza,CEO,T1a,7791.68,49550000,1,0,Consumer Staples,WINE-2025-09-10,0,69.66,High,1.25,1.0,0.064,1.0,0.1,120.0,,-0.13757,-0.13639,-0.14757,-0.14639,0.01
dbbdd648ae738c63,WINE,2026-01-29,^FTAS,Jack Pailing,NED,T3,12099,49550000,1,0,Consumer Staples,,0,43.12,Moderate,1.0,0.3,0.128,1.0,0.46,90.0,,-0.02548,0.02772,-0.03548,0.01772,0.01
4719774b9c1aac16,WINE,2026-03-05,^FTAS,Eschler Global Fund Spc - Colebrooke Opportunities Fund Sp,PCA,T5,14768.8,49550000,1,0,Consumer Staples,,0,72.54,High,1.0,1.0,0.157,1.0,0.88,55.0,35.0,-0.05578,,-0.06578,,0.01
1899c319b839b773,WINE,2026-03-10,^FTAS,Eschler Global Fund Spc - Colebrooke Opportunities Fund Sp,PCA,T5,87.29,49550000,1,0,Consumer Staples,,0,68.92,High,1.0,1.0,0.0,1.0,0.94,50.0,40.0,-0.03244,,-0.04244,,0.01
2da7ffd43ce761f0,WINE,2026-03-18,^FTAS,Eschler Global Fund Spc - Colebrooke Opportunities Fund Sp,PCA,T5,235.6,49550000,1,0,Consumer Staples,,0,52.5,Moderate,0.75,1.0,0.0,1.0,1.0,42.0,48.0,0.1231,,0.1131,,0.01
aeea8c86141d5f6c,WIX,2025-09-16,^FTAS,Mike Iddon,PDMR-only,T4,29999.91,379960000,1,0,Consumer Discretionary,,0,37.5,Low,1.25,0.2,0.259,0.656,0.1,128.0,,0.08358,0.07387,0.07358,0.06387,0.01
7d869bdbfcb22ca0,WPP,2026-05-21,^FTAS,Peter Agnefj,NED,T3,210877.5,2830000000,0,0,Communication Services,,0,75.7,High,1.75,0.3,0.542,0.314,0.616,77.0,23.0,,,,,0.01
6b871bf8a79101e7,WRKS,2026-04-15,^FTAS,Gavin Peck,CEO,T1a,8999.86,38590000,1,0,Consumer Discretionary,WRKS-2026-04-14,0,100.0,Exceptional,1.5,1.0,0.085,1.0,1.0,36.0,83.0,0.49452,,0.48452,,0.01
565e8426360c51dc,WRKS,2026-04-15,^FTAS,Rosie Fordham,CFO,T1b,8999.86,38590000,1,0,Consumer Discretionary,WRKS-2026-04-14,0,100.0,Exceptional,1.5,0.9,0.085,1.0,1.0,36.0,83.0,0.49452,,0.48452,,0.01
75a677d930ee74fa,WTB,2025-10-17,^FTAS,Christine Hodgson,Chair (executive),T7,288000,3930000000,0,0,Consumer Discretionary,WTB-2025-10-17,0,82.64,Exceptional,1.5,1.0,0.587,0.259,0.1,195.0,,-0.1783,-0.24752,-0.1883,-0.25752,0.01
32580512cfed3337,WTB,2025-10-21,^FTAS,Richard Gillingwater,NED,T3,14870,3930000000,0,0,Consumer Discretionary,WTB-2025-10-17,0,37.14,Low,1.75,0.3,0.158,0.259,0.1,191.0,,-0.2399,-0.2979,-0.2499,-0.3079,0.01
e521e8dca00de1aa,WTB,2025-11-12,^FTAS,Shelley Roberts,NED,T3,19861.44,3930000000,0,0,Consumer Discretionary,WTB-2025-10-17,0,16.86,Low,0.75,0.3,0.2,0.259,0.1,169.0,,-0.10645,-0.17979,-0.11645,-0.18979,0.01
daf377c1d6ff1af5,WTB,2025-12-05,^FTAS,Dominic Paul,CEO,T1a,10367.05,3930000000,0,0,Consumer Discretionary,WTB-2025-10-17,0,40.66,Moderate,1.0,1.0,0.106,0.259,0.1,146.0,,0.08207,-0.033,0.07207,-0.043,0.01
7fad020759132829,WTB,2025-12-05,^FTAS,Clare Thomas,Company Secretary / General Counsel,T6,1967.51,3930000000,0,0,Consumer Discretionary,WTB-2025-10-17,0,22.49,Low,1.0,0.5,0.0,0.259,0.1,146.0,,0.08207,-0.033,0.07207,-0.043,0.01
4a4080364d32d33c,WTB,2025-12-08,^FTAS,Mark Anderson,Executive Director,T2,2734.7,3930000000,0,0,Consumer Discretionary,WTB-2025-10-17,0,35.61,Low,1.25,0.7,0.0,0.259,0.1,143.0,,0.11026,-0.03209,0.10026,-0.04209,0.01
02fa64cd8732af26,WTB,2026-02-17,^FTAS,Christine Hodgson,Chair (executive),T7,209707.19,3930000000,0,0,Consumer Discretionary,WTB-2026-02-16,0,64.08,High,1.0,1.0,0.541,0.259,0.676,72.0,,-0.11793,-0.10728,-0.12793,-0.11728,0.01
a8bfd9f3287ba1df,WTB,2026-02-18,^FTAS,Kal Atwal,NED,T3,1033.37,3930000000,0,0,Consumer Discretionary,WTB-2026-02-16,0,27.07,Low,1.0,0.3,0.0,0.259,0.688,71.0,,-0.10899,-0.10656,-0.11899,-0.11656,0.01
2250bdd43fbb0dd2,WTB,2026-05-08,^FTAS,Shelley Roberts,NED,T3,29786.1,3930000000,0,0,Consumer Discretionary,,0,51.79,Moderate,1.5,0.3,0.258,0.259,0.671,160.0,8.0,0.00215,,-0.00785,,0.01
5eb20f03303bcd80,WYN,2025-09-24,^FTAS,Alk Brand,CEO,T1a,89.74,79420000,1,0,Consumer Staples,WYN-2025-09-24,0,63.3,High,1.0,1.0,0.0,0.921,0.724,68.0,85.0,-0.1194,-0.0319,-0.1294,-0.0419,0.01
ea8b105c81fd93c9,WYN,2025-12-01,^FTAS,Rob Thomas,CFO,T1b,9973.95,79420000,1,0,Consumer Staples,WYN-2025-12-01,0,100.0,Exceptional,1.75,0.9,0.1,0.921,0.7,70.0,153.0,0.00782,-0.06085,-0.00218,-0.07085,0.01
77fbab14c32f6744,WYN,2025-12-01,^FTAS,Alk Brand,CEO,T1a,9973.95,79420000,1,0,Consumer Staples,WYN-2025-12-01,0,100.0,Exceptional,1.75,1.0,0.1,0.921,0.7,70.0,153.0,0.00782,-0.06085,-0.00218,-0.07085,0.01
fa4fc2d4841f028f,WYN,2025-12-01,^FTAS,Steven Esom,NED,T3,9973.95,79420000,1,0,Consumer Staples,WYN-2025-12-01,0,78.52,High,1.75,0.3,0.1,0.921,0.7,70.0,153.0,0.00782,-0.06085,-0.00218,-0.07085,0.01
36f9847d89d6b810,XAR,2025-10-01,^FTAS,Dr Inken Braunschmidt,NED,T3,5120,111430000,1,0,Technology,XAR-2025-10-01,0,16.57,Low,0.5,0.3,0.003,0.864,0.28,105.0,50.0,-0.08016,-0.22063,-0.09016,-0.23063,0.01
413d3dc8ebf741c2,XAR,2025-10-02,^FTAS,Mr Ben Stocks,NED,T3,20706.49,111430000,1,0,Technology,XAR-2025-10-01,0,37.4,Low,0.75,0.3,0.206,0.864,0.871,104.0,1.0,-0.06332,-0.21165,-0.07332,-0.22165,0.01
31d344be8af3654e,XAR,2025-10-02,^FTAS,Ms Jacqueline Sutton,NED,T3,4962.28,111430000,1,0,Technology,XAR-2025-10-01,0,32.77,Low,0.75,0.3,0.0,0.864,0.871,104.0,1.0,-0.06332,-0.21165,-0.07332,-0.22165,0.01
a4480029eec3e130,XPS,2025-07-14,^FTAS,Snehal Shah,CFO,T1b,135.13,635890000,0,0,Consumer Discretionary,XPS-2025-07-10,0,74.58,High,1.5,0.9,0.0,0.568,0.568,81.0,25.0,-0.08699,-0.15844,-0.09699,-0.16844,0.01
542ebb15617c4eca,XPS,2025-07-14,^FTAS,Benjamin Bramhall,CEO,T1a,191.97,635890000,0,0,Consumer Discretionary,XPS-2025-07-10,0,79.08,High,1.5,1.0,0.0,0.568,0.568,81.0,25.0,-0.08699,-0.15844,-0.09699,-0.16844,0.01
3274a0e761ceb32e,XPS,2025-07-14,^FTAS,Paul Cuff,CEO,T1a,191.97,635890000,0,0,Consumer Discretionary,XPS-2025-07-10,0,79.08,High,1.5,1.0,0.0,0.568,0.568,81.0,25.0,-0.08699,-0.15844,-0.09699,-0.16844,0.01
77d53b1ed4b90892,XPS,2025-10-02,^FTAS,Martin Sutherland,NED,T3,39100.93,635890000,0,0,Consumer Discretionary,,0,56.4,Moderate,1.75,0.3,0.298,0.568,0.1,1.0,105.0,-0.02922,-0.11571,-0.03922,-0.12571,0.01
5d7fbcc775d849e1,YNGA,2025-11-20,^FTAS,Simon Dodd,CEO,T1a,21985.06,456680000,1,0,Consumer Discretionary,YNGA-2025-11-19,0,48.21,Moderate,0.75,1.0,0.214,0.624,0.784,63.0,,-0.0548,-0.05633,-0.0648,-0.06633,0.01
f60201c22a724194,YNGA,2025-11-21,^FTAS,John Dunsmore,NED,T3,49455,456680000,1,0,Consumer Discretionary,YNGA-2025-11-19,0,35.26,Low,0.75,0.3,0.332,0.624,0.796,62.0,,-0.03546,-0.06347,-0.04546,-0.07347,0.01
13817733fd8f97e2,YNGA,2026-05-26,^FTAS,Simon Dodd,CEO,T1a,19987.11,456680000,1,0,Consumer Discretionary,YNGA-2026-05-26,0,79.23,High,1.25,1.0,0.201,0.624,0.757,360.0,5.0,,,,,0.01
5067046a5e0a17f7,YNGA,2026-05-27,^FTAS,Tracy Dodd,Other Chief,T2,9989.52,456680000,1,0,Consumer Discretionary,YNGA-2026-05-26,0,76.28,High,1.5,0.7,0.1,0.624,0.729,359.0,6.0,,,,,0.01
520ca7b0b95c5a6e,YNGA,2026-05-27,^FTAS,Simon Dodd,CEO,T1a,19987.11,456680000,1,0,Consumer Discretionary,YNGA-2026-05-26,0,94.3,Exceptional,1.5,1.0,0.201,0.624,0.729,359.0,6.0,,,,,0.01
13c14dea0d33c2b2,YOU,2025-08-29,^FTSC,Stephan Shakespeare,CEO,T1a,300207.33,247670000,1,1,Consumer Discretionary,,0,82.01,Exceptional,1.25,1.0,0.593,0.728,0.1,159.0,24.0,-0.19558,-0.34841,-0.20058,-0.35341,0.005
9e46a0ec906bb49d,YOU,2025-10-15,^FTSC,Ian Griffiths,NED,T3,49961.6,247670000,1,1,Consumer Discretionary,YOU-2025-10-14,0,57.82,Moderate,1.5,0.3,0.333,0.728,0.196,112.0,71.0,0.0625,-0.28966,0.0575,-0.29466,0.005
04b3c61aadfe9156,YOU,2025-10-16,^FTSC,Stephan Shakespeare,CEO,T1a,99993.6,247670000,1,1,Consumer Discretionary,YOU-2025-10-14,0,94.16,Exceptional,1.5,1.0,0.434,0.728,0.208,111.0,72.0,-0.01196,-0.33257,-0.01696,-0.33757,0.005
f3d1537aa1dedcc2,YOU,2026-01-05,^FTSC,Alex McIntosh,CFO,T1b,79.05,247670000,1,1,Consumer Discretionary,,0,61.02,High,1.0,0.9,0.0,0.728,1.0,30.0,153.0,-0.23897,-0.26593,-0.24397,-0.27093,0.005
8eae7620721c2c31,YOU,2026-02-11,^FTSC,Deborah Davis,Chair (executive),T7,20140,247670000,1,1,Consumer Discretionary,YOU-2026-02-10,0,64.67,High,1.0,1.0,0.202,0.728,0.7,244.0,7.0,-0.13615,0.04677,-0.14115,0.04177,0.005
45396e649e3e23c5,YOU,2026-02-12,^FTSC,Ashley Martin,NED,T3,34996.46,247670000,1,1,Consumer Discretionary,YOU-2026-02-10,0,45.56,Moderate,1.0,0.3,0.282,0.728,0.671,243.0,8.0,-0.11336,0.04726,-0.11836,0.04226,0.005
066a61d5ab8bc148,YOU,2026-03-24,^FTSC,Ian Griffiths,Chair (executive),T7,48023.04,247670000,1,1,Consumer Discretionary,YOU-2026-03-24,0,57.65,Moderate,1.0,1.0,0.327,0.728,0.1,203.0,48.0,0.17885,,0.17385,,0.005
96d7d501e549e899,YOU,2026-04-21,^FTSC,Belinda Richards,NED,T3,20005.08,247670000,1,1,Consumer Discretionary,YOU-2026-03-24,0,41.05,Moderate,1.25,0.3,0.201,0.728,0.1,175.0,76.0,0.10992,,0.10492,,0.005
651425e376bbe4f3,YOU,2026-04-30,^FTSC,Ashley Martin,NED,T3,14974.86,247670000,1,1,Consumer Discretionary,YOU-2026-03-24,0,47.38,Moderate,1.5,0.3,0.159,0.728,0.1,166.0,85.0,0.13266,,0.12766,,0.005
81cb29fa2d502c0e,ZEG,2025-12-02,^FTAS,Suzi Williams,NED,T3,109461.94,4100000000,0,0,Communication Services,ZEG-2025-11-27,0,37.17,Low,1.25,0.3,0.447,0.251,0.1,357.0,,-0.00653,0.10576,-0.01653,0.09576,0.01
ead9872c93c5ddf2,ZEG,2025-12-03,^FTAS,Sofia Bergendorff,NED,T3,808.98,4100000000,0,0,Communication Services,ZEG-2025-11-27,0,20.41,Low,1.25,0.3,0.0,0.251,0.1,356.0,,0.03819,0.11922,0.02819,0.10922,0.01
323747215485e5dd,ZEG,2025-12-04,^FTAS,Rita Estevez,NED,T3,859.94,4100000000,0,0,Communication Services,ZEG-2025-11-27,0,20.41,Low,1.25,0.3,0.0,0.251,0.1,355.0,,0.05176,0.15662,0.04176,0.14662,0.01
2d59d1acbf2991c3,ZEG,2026-03-11,^FTAS,Suzi Williams,NED,T3,42083.5,4100000000,0,0,Communication Services,,0,31.98,Low,1.25,0.3,0.308,0.251,0.1,258.0,,0.00485,,-0.00515,,0.01
9ef05eb09cb59019,ZEN,2025-08-12,^FTAS,Luca Benedetto,CFO,T1b,322830,37520000,1,0,Energy,,0,70.84,High,1.0,0.9,0.603,1.0,0.208,111.0,,-0.03573,-0.10175,-0.04573,-0.11175,0.01
3de9f8c8ae72b5b7,ZIG,2025-09-04,^FTAS,John Pattullo,NED,T3,30280,1040000000,0,0,Industrials,,0,44.7,Moderate,1.25,0.3,0.261,0.484,0.46,90.0,57.0,0.02864,0.09533,0.01864,0.08533,0.01
1335cd1f85ec5692,ZIG,2026-05-19,^FTAS,Nicola Rabson,NED,T3,9993.54,1040000000,0,0,Industrials,,0,30.58,Low,1.25,0.3,0.1,0.484,0.1,2.0,167.0,0.09064,,0.08064,,0.01
1a8cc8092d4506bf,ZPHR,2026-01-20,^FTAS,Tom Reynolds,NED,T3,13160.01,63550000,1,0,Energy,,0,36.11,Low,1.0,0.3,0.14,0.959,0.1,526.0,204.0,0.2202,0.13385,0.2102,0.12385,0.01
